{"train/box_loss": 2.58868, "train/cls_loss": 4.16043, "train/dfl_loss": 2.36358, "_timestamp": 1718725263.7799263, "lr/pg0": 0.000498515, "lr/pg1": 0.000498515, "lr/pg2": 0.000498515, "metrics/precision(B)": 0.00893, "metrics/recall(B)": 0.11673, "metrics/mAP50(B)": 0.01039, "metrics/mAP50-95(B)": 0.00322, "val/box_loss": 2.88538, "val/cls_loss": 4.04443, "val/dfl_loss": 2.63437, "labels": {"_type": "image-file", "sha256": "6d8b8283b0a67a384a01b145654f1345fae6013639e3bf3dffeeeeba189be6ba", "size": 173977, "path": "media/images/labels_1_6d8b8283b0a67a384a01.jpg", "format": "jpg", "width": 1600, "height": 1600}, "train_batch0": {"_type": "image-file", "sha256": "dad532c45aec29958d6b98b231b492df418bd13ed938f74c7db77dc3ab122fe5", "size": 17884, "path": "media/images/train_batch0_1_dad532c45aec29958d6b.jpg", "format": "jpg", "width": 320, "height": 320}, "train_batch1": {"_type": "image-file", "sha256": "455bb416ac06247f8037c6a10c6acd295a39bc719d87fb219a20b3f04fe70ecf", "size": 8831, "path": "media/images/train_batch1_1_455bb416ac06247f8037.jpg", "format": "jpg", "width": 320, "height": 320}, "train_batch2": {"_type": "image-file", "sha256": "bbb33199feed35b03a1503cf7b969d386e7e2066b5ab4f0506dd61028f440cae", "size": 8073, "path": "media/images/train_batch2_1_bbb33199feed35b03a15.jpg", "format": "jpg", "width": 320, "height": 320}, "model/parameters": 69494019, "model/GFLOPs": 263.975, "model/speed_PyTorch(ms)": 69.554, "_runtime": 55.80872321128845, "_step": 8, "_wandb": {"runtime": 57}}