{"train/box_loss": 1.77023, "train/cls_loss": 3.34703, "train/dfl_loss": 3.20645, "_timestamp": 1720213854.406961, "lr/pg0": 0.0004957925000000001, "lr/pg1": 0.0004957925000000001, "lr/pg2": 0.0004957925000000001, "metrics/precision(B)": 0.21238, "metrics/recall(B)": 0.16143, "metrics/mAP50(B)": 0.1721, "metrics/mAP50-95(B)": 0.07344, "val/box_loss": 1.43223, "val/cls_loss": 3.02019, "val/dfl_loss": 3.11185, "labels": {"_type": "image-file", "sha256": "a53d04f66266d238ac45ba89533e3a173d1f2b8103ed8668847193f514913328", "size": 174696, "path": "media/images/labels_1_a53d04f66266d238ac45.jpg", "format": "jpg", "width": 1600, "height": 1600}, "train_batch0": {"_type": "image-file", "sha256": "869c0d20f414de7a3b2d4c07405e6fe0071ae71294c5868205cbe2603a7274d2", "size": 462940, "path": "media/images/train_batch0_1_869c0d20f414de7a3b2d.jpg", "format": "jpg", "width": 1920, "height": 1920}, "train_batch1": {"_type": "image-file", "sha256": "36380ee1916544d7d838f2f0621517540e214b27c0e6d600b1d530f9b11bbc74", "size": 206214, "path": "media/images/train_batch1_1_36380ee1916544d7d838.jpg", "format": "jpg", "width": 1920, "height": 1920}, "train_batch2": {"_type": "image-file", "sha256": "c46b4b478b11dba302e9bb04429d46d36557ec07598afcc9fcdefa1c789f9e7d", "size": 201911, "path": "media/images/train_batch2_1_c46b4b478b11dba302e9.jpg", "format": "jpg", "width": 1920, "height": 1920}, "model/parameters": 69494019, "model/GFLOPs": 263.975, "model/speed_PyTorch(ms)": 30.526, "_runtime": 434.9270498752594, "_step": 18, "_wandb": {"runtime": 436}}