{"dataset": "/workspace/datasets/synth/synth_v3_1", "_timestamp": 1718971803.3890908, "_runtime": 7.7297327518463135, "_step": 0, "_wandb": {"runtime": 50}}