{"dataset": "/workspace/datasets/synth/synth_v3_1", "_timestamp": 1719219188.9990954, "_runtime": 8.429497480392456, "_step": 0, "_wandb": {"runtime": 12}}