{"train/box_loss": 1.54429, "train/cls_loss": 2.78571, "train/dfl_loss": 2.81325, "_timestamp": 1721113152.3666306, "lr/pg0": 0.000496535, "lr/pg1": 0.000496535, "lr/pg2": 0.000496535, "metrics/precision(B)": 0.47373, "metrics/recall(B)": 0.17313, "metrics/mAP50(B)": 0.10853, "metrics/mAP50-95(B)": 0.064, "val/box_loss": 1.4421, "val/cls_loss": 3.65386, "val/dfl_loss": 3.12028, "labels": {"_type": "image-file", "sha256": "a53d04f66266d238ac45ba89533e3a173d1f2b8103ed8668847193f514913328", "size": 174696, "path": "media/images/labels_1_a53d04f66266d238ac45.jpg", "format": "jpg", "width": 1600, "height": 1600}, "train_batch0": {"_type": "image-file", "sha256": "a97b569b6c42dc88a29b419e4426d5feddc47639b18019d70b20d12d12c66945", "size": 171501, "path": "media/images/train_batch0_1_a97b569b6c42dc88a29b.jpg", "format": "jpg", "width": 1920, "height": 1920}, "train_batch1": {"_type": "image-file", "sha256": "a2f666b934ac1ac76e17e6afcedc79f5e1376c306ad73732014305aed33731ae", "size": 124595, "path": "media/images/train_batch1_1_a2f666b934ac1ac76e17.jpg", "format": "jpg", "width": 1920, "height": 1920}, "train_batch2": {"_type": "image-file", "sha256": "d3576bdc1f580564b254e08c75af0962f5c9f2429d73172a3d9e25fbc88a7ebf", "size": 205744, "path": "media/images/train_batch2_1_d3576bdc1f580564b254.jpg", "format": "jpg", "width": 1920, "height": 1920}, "model/parameters": 69494019, "model/GFLOPs": 263.975, "model/speed_PyTorch(ms)": 53.486, "_runtime": 159.5253345966339, "_step": 15, "_wandb": {"runtime": 161}}