{"train/box_loss": 1.5407, "train/cls_loss": 2.44987, "train/dfl_loss": 2.83822, "_timestamp": 1720891952.65733, "lr/pg0": 0.0004952975, "lr/pg1": 0.0004952975, "lr/pg2": 0.0004952975, "metrics/precision(B)": 0.51873, "metrics/recall(B)": 0.18567, "metrics/mAP50(B)": 0.22843, "metrics/mAP50-95(B)": 0.14964, "val/box_loss": 1.2735, "val/cls_loss": 2.17213, "val/dfl_loss": 2.83071, "labels": {"_type": "image-file", "sha256": "a53d04f66266d238ac45ba89533e3a173d1f2b8103ed8668847193f514913328", "size": 174696, "path": "media/images/labels_1_a53d04f66266d238ac45.jpg", "format": "jpg", "width": 1600, "height": 1600}, "train_batch0": {"_type": "image-file", "sha256": "cf860b78766ba2f74dd5fee02a5c40a6392c5743a197feb6bbc564c2081700ab", "size": 352213, "path": "media/images/train_batch0_1_cf860b78766ba2f74dd5.jpg", "format": "jpg", "width": 1920, "height": 1920}, "train_batch1": {"_type": "image-file", "sha256": "f34904fa8a82e1970475d16d6ab2735b8c74d9d83b5e441dff1bea1902ed5cd9", "size": 254750, "path": "media/images/train_batch1_1_f34904fa8a82e1970475.jpg", "format": "jpg", "width": 1920, "height": 1920}, "train_batch2": {"_type": "image-file", "sha256": "5f5105c53de03e9762895ebd723bdef3ece7960e0d2f0b0791e788b1d13dd637", "size": 270000, "path": "media/images/train_batch2_1_5f5105c53de03e976289.jpg", "format": "jpg", "width": 1920, "height": 1920}, "model/parameters": 69494019, "model/GFLOPs": 263.975, "model/speed_PyTorch(ms)": 37.103, "_runtime": 307.6724829673767, "_step": 20, "_wandb": {"runtime": 308}}