{"train/box_loss": 1.50268, "train/cls_loss": 2.72101, "train/dfl_loss": 2.7649, "_timestamp": 1720893352.5197453, "lr/pg0": 0.000496535, "lr/pg1": 0.000496535, "lr/pg2": 0.000496535, "metrics/precision(B)": 0.47235, "metrics/recall(B)": 0.1245, "metrics/mAP50(B)": 0.14841, "metrics/mAP50-95(B)": 0.08044, "val/box_loss": 1.41558, "val/cls_loss": 4.01249, "val/dfl_loss": 3.0881, "labels": {"_type": "image-file", "sha256": "a53d04f66266d238ac45ba89533e3a173d1f2b8103ed8668847193f514913328", "size": 174696, "path": "media/images/labels_1_a53d04f66266d238ac45.jpg", "format": "jpg", "width": 1600, "height": 1600}, "train_batch0": {"_type": "image-file", "sha256": "7af03529201cf638f6e1489421f50ad375dbe726dea1af97cff38cc701d9ba7c", "size": 247694, "path": "media/images/train_batch0_1_7af03529201cf638f6e1.jpg", "format": "jpg", "width": 1920, "height": 1920}, "train_batch1": {"_type": "image-file", "sha256": "bfa6185182c7528aef70ba1a52363286cc5f696108ec3cf96edb2d8c74d16606", "size": 168604, "path": "media/images/train_batch1_1_bfa6185182c7528aef70.jpg", "format": "jpg", "width": 1920, "height": 1920}, "train_batch2": {"_type": "image-file", "sha256": "b0120af00b57849c9a6dd448d477b70b217908485b4d35ec01dced49527f7976", "size": 208703, "path": "media/images/train_batch2_1_b0120af00b57849c9a6d.jpg", "format": "jpg", "width": 1920, "height": 1920}, "model/parameters": 69494019, "model/GFLOPs": 263.975, "model/speed_PyTorch(ms)": 36.81, "_runtime": 260.04485630989075, "_step": 15, "_wandb": {"runtime": 259}}