{"train/box_loss": 1.95439, "train/cls_loss": 4.1163, "train/dfl_loss": 3.32619, "_timestamp": 1720246779.8237784, "lr/pg0": 0.0004982675, "lr/pg1": 0.0004982675, "lr/pg2": 0.0004982675, "metrics/precision(B)": 0.6189, "metrics/recall(B)": 0.04106, "metrics/mAP50(B)": 0.0607, "metrics/mAP50-95(B)": 0.04285, "val/box_loss": 1.73099, "val/cls_loss": 5.01409, "val/dfl_loss": 3.14969, "labels": {"_type": "image-file", "sha256": "a53d04f66266d238ac45ba89533e3a173d1f2b8103ed8668847193f514913328", "size": 174696, "path": "media/images/labels_1_a53d04f66266d238ac45.jpg", "format": "jpg", "width": 1600, "height": 1600}, "train_batch0": {"_type": "image-file", "sha256": "7b0212fe6f8350c2bd94e1a4b23bdce3f075e1dbcdc5a59714df056b1d19a4f6", "size": 460440, "path": "media/images/train_batch0_1_7b0212fe6f8350c2bd94.jpg", "format": "jpg", "width": 1920, "height": 1920}, "train_batch1": {"_type": "image-file", "sha256": "34dc435eb8e1eb39e379d17f56d0939f723f804142447d880fb7e616a4cac28f", "size": 205083, "path": "media/images/train_batch1_1_34dc435eb8e1eb39e379.jpg", "format": "jpg", "width": 1920, "height": 1920}, "train_batch2": {"_type": "image-file", "sha256": "cf0851f1ab96cd8a2af671c439479eb07f0f6f4534f5b2a992319b08bda2b09c", "size": 201421, "path": "media/images/train_batch2_1_cf0851f1ab96cd8a2af6.jpg", "format": "jpg", "width": 1920, "height": 1920}, "model/parameters": 69494019, "model/GFLOPs": 263.975, "model/speed_PyTorch(ms)": 49.123, "_runtime": 233.80847549438477, "_step": 8, "_wandb": {"runtime": 233}}