{"train/box_loss": 1.85523, "train/cls_loss": 4.12596, "train/dfl_loss": 3.24653, "_timestamp": 1720214576.5029576, "lr/pg0": 0.0004982675, "lr/pg1": 0.0004982675, "lr/pg2": 0.0004982675, "metrics/precision(B)": 0.01742, "metrics/recall(B)": 0.13012, "metrics/mAP50(B)": 0.02586, "metrics/mAP50-95(B)": 0.0128, "val/box_loss": 1.6906, "val/cls_loss": 4.20663, "val/dfl_loss": 3.25766, "labels": {"_type": "image-file", "sha256": "a53d04f66266d238ac45ba89533e3a173d1f2b8103ed8668847193f514913328", "size": 174696, "path": "media/images/labels_1_a53d04f66266d238ac45.jpg", "format": "jpg", "width": 1600, "height": 1600}, "train_batch0": {"_type": "image-file", "sha256": "751db7b309d8245ac3954d9e5abd0024d185f9c8feaee08fb8a4ae484fac6759", "size": 461641, "path": "media/images/train_batch0_1_751db7b309d8245ac395.jpg", "format": "jpg", "width": 1920, "height": 1920}, "train_batch1": {"_type": "image-file", "sha256": "36380ee1916544d7d838f2f0621517540e214b27c0e6d600b1d530f9b11bbc74", "size": 206214, "path": "media/images/train_batch1_1_36380ee1916544d7d838.jpg", "format": "jpg", "width": 1920, "height": 1920}, "train_batch2": {"_type": "image-file", "sha256": "c46b4b478b11dba302e9bb04429d46d36557ec07598afcc9fcdefa1c789f9e7d", "size": 201911, "path": "media/images/train_batch2_1_c46b4b478b11dba302e9.jpg", "format": "jpg", "width": 1920, "height": 1920}, "model/parameters": 69494019, "model/GFLOPs": 263.975, "model/speed_PyTorch(ms)": 32.497, "_runtime": 217.8010766506195, "_step": 8, "_wandb": {"runtime": 216}}