{"train/box_loss": 1.52615, "train/cls_loss": 2.35322, "train/dfl_loss": 2.76829, "_timestamp": 1720892222.2533984, "lr/pg0": 0.000496535, "lr/pg1": 0.000496535, "lr/pg2": 0.000496535, "metrics/precision(B)": 0.36426, "metrics/recall(B)": 0.22483, "metrics/mAP50(B)": 0.14665, "metrics/mAP50-95(B)": 0.07362, "val/box_loss": 1.46176, "val/cls_loss": 3.2812, "val/dfl_loss": 2.95952, "labels": {"_type": "image-file", "sha256": "a53d04f66266d238ac45ba89533e3a173d1f2b8103ed8668847193f514913328", "size": 174696, "path": "media/images/labels_1_a53d04f66266d238ac45.jpg", "format": "jpg", "width": 1600, "height": 1600}, "train_batch0": {"_type": "image-file", "sha256": "1ae93c0ca187d45a02903487cf6708faaddb06e2074dd6d32ecbb486c09cf5bb", "size": 374022, "path": "media/images/train_batch0_1_1ae93c0ca187d45a0290.jpg", "format": "jpg", "width": 1920, "height": 1920}, "train_batch1": {"_type": "image-file", "sha256": "6069e43e96659340286737b51b2892e4db06674a8479832463ceb03be826c14e", "size": 295235, "path": "media/images/train_batch1_1_6069e43e966593402867.jpg", "format": "jpg", "width": 1920, "height": 1920}, "train_batch2": {"_type": "image-file", "sha256": "766a16123eaeff4e95645ee87c59cf95d55d591b53b84ded4216f0362ccef741", "size": 301199, "path": "media/images/train_batch2_1_766a16123eaeff4e9564.jpg", "format": "jpg", "width": 1920, "height": 1920}, "model/parameters": 69494019, "model/GFLOPs": 263.975, "model/speed_PyTorch(ms)": 37.136, "_runtime": 259.5872983932495, "_step": 15, "_wandb": {"runtime": 259}}