{"train/box_loss": 1.08768, "train/cls_loss": 1.07316, "train/dfl_loss": 2.27464, "_timestamp": 1720015279.7456856, "lr/pg0": 0.0003614, "lr/pg1": 0.0003614, "lr/pg2": 0.0003614, "metrics/precision(B)": 0.72418, "metrics/recall(B)": 0.4415, "metrics/mAP50(B)": 0.52604, "metrics/mAP50-95(B)": 0.36083, "val/box_loss": 1.08227, "val/cls_loss": 1.22214, "val/dfl_loss": 2.33976, "labels": {"_type": "image-file", "sha256": "a53d04f66266d238ac45ba89533e3a173d1f2b8103ed8668847193f514913328", "size": 174696, "path": "media/images/labels_1_a53d04f66266d238ac45.jpg", "format": "jpg", "width": 1600, "height": 1600}, "model/parameters": 69494019, "model/GFLOPs": 263.975, "model/speed_PyTorch(ms)": 7.417, "_runtime": 457.1837785243988, "_step": 71, "train_batch1": {"_type": "image-file", "sha256": "8efcf0cfa653c98ef15681b77a35a06d61142ee51766c7d7c167c0e9bfadc555", "size": 366803, "path": "media/images/train_batch1_2_8efcf0cfa653c98ef156.jpg", "format": "jpg", "width": 1920, "height": 1920}, "train_batch0": {"_type": "image-file", "sha256": "5f7ebd1f6379ce49d2026db5a0e888456e997848078bddb5ff0166cfe0700408", "size": 564715, "path": "media/images/train_batch0_3_5f7ebd1f6379ce49d202.jpg", "format": "jpg", "width": 1920, "height": 1920}, "train_batch2": {"_type": "image-file", "sha256": "a013084aa353437ea922b535ee36f372b4c0e9e96a727b734ed675e077d433ca", "size": 535255, "path": "media/images/train_batch2_4_a013084aa353437ea922.jpg", "format": "jpg", "width": 1920, "height": 1920}, "_wandb": {"runtime": 457}}