{"train/box_loss": 0.63822, "train/cls_loss": 0.52887, "train/dfl_loss": 0.96071, "_timestamp": 1719843251.5020797, "lr/pg0": 0.00034704500000000004, "lr/pg1": 0.00034704500000000004, "lr/pg2": 0.00034704500000000004, "metrics/precision(B)": 0.70556, "metrics/recall(B)": 0.59287, "metrics/mAP50(B)": 0.614, "metrics/mAP50-95(B)": 0.40466, "val/box_loss": 1.38429, "val/cls_loss": 1.02621, "val/dfl_loss": 1.6329, "labels": {"_type": "image-file", "sha256": "a53d04f66266d238ac45ba89533e3a173d1f2b8103ed8668847193f514913328", "size": 174696, "path": "media/images/labels_1_a53d04f66266d238ac45.jpg", "format": "jpg", "width": 1600, "height": 1600}, "train_batch0": {"_type": "image-file", "sha256": "32811b7aad9e09058de2cb4a56c22ab5f8321b413de3d3c412f13feef34e7b80", "size": 277910, "path": "media/images/train_batch0_1_32811b7aad9e09058de2.jpg", "format": "jpg", "width": 1920, "height": 1920}, "train_batch1": {"_type": "image-file", "sha256": "0c53cd7216c931da2213c80ec0a043ef7f297d4b2a783d81c96c7d0890a1c6b5", "size": 155552, "path": "media/images/train_batch1_1_0c53cd7216c931da2213.jpg", "format": "jpg", "width": 1920, "height": 1920}, "train_batch2": {"_type": "image-file", "sha256": "12185a70be70f60ad0db521d63f43a288f62fd7d1afb1e9a560f215259fee4dd", "size": 200520, "path": "media/images/train_batch2_1_12185a70be70f60ad0db.jpg", "format": "jpg", "width": 1920, "height": 1920}, "model/parameters": 58157248, "model/GFLOPs": 192.74, "model/speed_PyTorch(ms)": 131.371, "_runtime": 7135.426390647888, "_step": 619, "_wandb": {"runtime": 7135}}