{"train/box_loss": 1.56781, "train/cls_loss": 2.74452, "train/dfl_loss": 2.79382, "_timestamp": 1720891389.3894625, "lr/pg0": 0.00044732699999999997, "lr/pg1": 0.00044732699999999997, "lr/pg2": 0.00044732699999999997, "metrics/precision(B)": 0.24725, "metrics/recall(B)": 0.12295, "metrics/mAP50(B)": 0.13941, "metrics/mAP50-95(B)": 0.08903, "val/box_loss": 1.39096, "val/cls_loss": 2.77371, "val/dfl_loss": 2.93954, "labels": {"_type": "image-file", "sha256": "a53d04f66266d238ac45ba89533e3a173d1f2b8103ed8668847193f514913328", "size": 174696, "path": "media/images/labels_1_a53d04f66266d238ac45.jpg", "format": "jpg", "width": 1600, "height": 1600}, "train_batch0": {"_type": "image-file", "sha256": "173186d1c419238ab0a03210191f976640ba36cfa7dea7d205b68ca3519635af", "size": 375387, "path": "media/images/train_batch0_1_173186d1c419238ab0a0.jpg", "format": "jpg", "width": 1920, "height": 1920}, "train_batch1": {"_type": "image-file", "sha256": "6319b7ebd9ef82c8090328a7b68d06cb356b896a08e3bf74ed3e141ca3ee7346", "size": 269305, "path": "media/images/train_batch1_1_6319b7ebd9ef82c80903.jpg", "format": "jpg", "width": 1920, "height": 1920}, "train_batch2": {"_type": "image-file", "sha256": "6668fc82f9543dd110087ee1065492e992efafb571b0c78cb184410d6f0bac38", "size": 283300, "path": "media/images/train_batch2_1_6668fc82f9543dd11008.jpg", "format": "jpg", "width": 1920, "height": 1920}, "model/parameters": 69494019, "model/GFLOPs": 263.975, "model/speed_PyTorch(ms)": 36.759, "_runtime": 243.30168652534485, "_step": 13, "_wandb": {"runtime": 242}}