{"dataset": "/workspace/datasets/synth/synth_v3_14", "_timestamp": 1719394910.290264, "_runtime": 8.381655931472778, "_step": 0}