{"dataset": "/workspace/datasets/synth/synth_v3_1", "_timestamp": 1718972241.69486, "_runtime": 8.422659873962402, "_step": 0, "_wandb": {"runtime": 24}}