{"train/box_loss": 1.59384, "train/cls_loss": 2.78143, "train/dfl_loss": 2.86083, "_timestamp": 1720891637.447946, "lr/pg0": 0.00044732699999999997, "lr/pg1": 0.00044732699999999997, "lr/pg2": 0.00044732699999999997, "metrics/precision(B)": 0.31799, "metrics/recall(B)": 0.1995, "metrics/mAP50(B)": 0.14571, "metrics/mAP50-95(B)": 0.07422, "val/box_loss": 1.42285, "val/cls_loss": 2.83696, "val/dfl_loss": 3.07198, "labels": {"_type": "image-file", "sha256": "a53d04f66266d238ac45ba89533e3a173d1f2b8103ed8668847193f514913328", "size": 174696, "path": "media/images/labels_1_a53d04f66266d238ac45.jpg", "format": "jpg", "width": 1600, "height": 1600}, "train_batch0": {"_type": "image-file", "sha256": "70f7894d0b9c0ae8ef42e686438a12d332cfa59b4531621af5ddc14bbcc63994", "size": 363209, "path": "media/images/train_batch0_1_70f7894d0b9c0ae8ef42.jpg", "format": "jpg", "width": 1920, "height": 1920}, "train_batch1": {"_type": "image-file", "sha256": "e7f25f32009ca3adb5878d694c37a2b2c4e68d77d4a05816f7b49ba7fa490a2b", "size": 260681, "path": "media/images/train_batch1_1_e7f25f32009ca3adb587.jpg", "format": "jpg", "width": 1920, "height": 1920}, "train_batch2": {"_type": "image-file", "sha256": "caa273442637bab6ceabec71145f0806eaa683f4782eceea7edf610d45f17e91", "size": 275993, "path": "media/images/train_batch2_1_caa273442637bab6ceab.jpg", "format": "jpg", "width": 1920, "height": 1920}, "model/parameters": 69494019, "model/GFLOPs": 263.975, "model/speed_PyTorch(ms)": 37.117, "_runtime": 240.315603017807, "_step": 13, "_wandb": {"runtime": 239}}