{"train/box_loss": 1.52679, "train/cls_loss": 2.45304, "train/dfl_loss": 2.8296, "_timestamp": 1720893085.183618, "lr/pg0": 0.000496535, "lr/pg1": 0.000496535, "lr/pg2": 0.000496535, "metrics/precision(B)": 0.21259, "metrics/recall(B)": 0.17055, "metrics/mAP50(B)": 0.11455, "metrics/mAP50-95(B)": 0.06468, "val/box_loss": 1.37809, "val/cls_loss": 2.66166, "val/dfl_loss": 3.04265, "labels": {"_type": "image-file", "sha256": "a53d04f66266d238ac45ba89533e3a173d1f2b8103ed8668847193f514913328", "size": 174696, "path": "media/images/labels_1_a53d04f66266d238ac45.jpg", "format": "jpg", "width": 1600, "height": 1600}, "train_batch0": {"_type": "image-file", "sha256": "d659124edf6b33a7dd78c6cf78583991bc23c353d8305ea7fad9659f65ffbc32", "size": 308967, "path": "media/images/train_batch0_1_d659124edf6b33a7dd78.jpg", "format": "jpg", "width": 1920, "height": 1920}, "train_batch1": {"_type": "image-file", "sha256": "b91115bbdc43094a571f64acdf3daf936cf63e0dd21d67d41735611e1cb01de1", "size": 240097, "path": "media/images/train_batch1_1_b91115bbdc43094a571f.jpg", "format": "jpg", "width": 1920, "height": 1920}, "train_batch2": {"_type": "image-file", "sha256": "24f1e235b8365f36d658b1365b6c7265a077e60ab01dd3b214917c5c56ff38c5", "size": 223087, "path": "media/images/train_batch2_1_24f1e235b8365f36d658.jpg", "format": "jpg", "width": 1920, "height": 1920}, "model/parameters": 69494019, "model/GFLOPs": 263.975, "model/speed_PyTorch(ms)": 36.99, "_runtime": 260.23672318458557, "_step": 15, "_wandb": {"runtime": 259}}