{"train/box_loss": 2.0579, "train/cls_loss": 4.32402, "train/dfl_loss": 3.21996, "_timestamp": 1720214889.0528116, "lr/pg0": 0.00049703, "lr/pg1": 0.00049703, "lr/pg2": 0.00049703, "metrics/precision(B)": 0.07472, "metrics/recall(B)": 0.12403, "metrics/mAP50(B)": 0.05984, "metrics/mAP50-95(B)": 0.03723, "val/box_loss": 2.05512, "val/cls_loss": 3.92872, "val/dfl_loss": 3.19865, "labels": {"_type": "image-file", "sha256": "a53d04f66266d238ac45ba89533e3a173d1f2b8103ed8668847193f514913328", "size": 174696, "path": "media/images/labels_1_a53d04f66266d238ac45.jpg", "format": "jpg", "width": 1600, "height": 1600}, "train_batch0": {"_type": "image-file", "sha256": "395ba49cb0f091d14cfb9942770b8e1904c47648edb00dab80df8445b008c09f", "size": 268305, "path": "media/images/train_batch0_1_395ba49cb0f091d14cfb.jpg", "format": "jpg", "width": 1920, "height": 1920}, "train_batch1": {"_type": "image-file", "sha256": "eed047739601a25fb35f9c04e7c228657c5000f4eb60d9ece9ae1d951d4e4891", "size": 124877, "path": "media/images/train_batch1_1_eed047739601a25fb35f.jpg", "format": "jpg", "width": 1920, "height": 1920}, "train_batch2": {"_type": "image-file", "sha256": "f4a721488c05e38c09469e0a58003d4d02cb3bc9b0cbeacaf348e66bd8e5208a", "size": 153840, "path": "media/images/train_batch2_1_f4a721488c05e38c0946.jpg", "format": "jpg", "width": 1920, "height": 1920}, "model/parameters": 69494019, "model/GFLOPs": 263.975, "model/speed_PyTorch(ms)": 30.403, "_runtime": 238.3989577293396, "_step": 13, "_wandb": {"runtime": 237}}