{"train/box_loss": 1.85646, "train/cls_loss": 23.45972, "train/dfl_loss": 2.99895, "_timestamp": 1717491158.9596512, "lr/pg0": 0.0004891194, "lr/pg1": 0.0004891194, "lr/pg2": 0.0004891194, "metrics/precision(B)": 0.00118, "metrics/recall(B)": 0.02436, "metrics/mAP50(B)": 0.00168, "metrics/mAP50-95(B)": 0.00078, "val/box_loss": 2.91965, "val/cls_loss": 4.535, "val/dfl_loss": 3.74268, "labels": {"_type": "image-file", "sha256": "f757ef7aa530a383683aec2774e8cfeee93a57b496396db11efdf9eb3da4e2b2", "size": 101784, "path": "media/images/labels_1_f757ef7aa530a383683a.jpg", "format": "jpg", "width": 1600, "height": 1600}, "train_batch0": {"_type": "image-file", "sha256": "b2338aab4a8bdee30c3b54df452168977c290a51369e3c045ca00afbc6c701f7", "size": 151799, "path": "media/images/train_batch0_1_b2338aab4a8bdee30c3b.jpg", "format": "jpg", "width": 1920, "height": 1920}, "train_batch1": {"_type": "image-file", "sha256": "91ba881a4b552e0619893035a05067df17c425f7a6b1cfcae1545ab72aecbd0a", "size": 369290, "path": "media/images/train_batch1_1_91ba881a4b552e061989.jpg", "format": "jpg", "width": 1920, "height": 1920}, "train_batch2": {"_type": "image-file", "sha256": "176f1fa973cf399a6597bbebf997057c283b8bb23d6a4bf034af0eb7254b36fe", "size": 187751, "path": "media/images/train_batch2_1_176f1fa973cf399a6597.jpg", "format": "jpg", "width": 1920, "height": 1920}, "model/parameters": 69494019, "model/GFLOPs": 263.975, "model/speed_PyTorch(ms)": 44.009, "_runtime": 125.53840231895447, "_step": 25, "_wandb": {"runtime": 126}}