{"train/box_loss": 2.10578, "train/cls_loss": 4.49067, "train/dfl_loss": 3.19143, "_timestamp": 1720857847.8287055, "lr/pg0": 9.9901e-05, "lr/pg1": 9.9901e-05, "lr/pg2": 9.9901e-05, "metrics/precision(B)": 0.02535, "metrics/recall(B)": 0.12835, "metrics/mAP50(B)": 0.04101, "metrics/mAP50-95(B)": 0.02205, "val/box_loss": 1.85356, "val/cls_loss": 4.17306, "val/dfl_loss": 3.42158, "labels": {"_type": "image-file", "sha256": "a53d04f66266d238ac45ba89533e3a173d1f2b8103ed8668847193f514913328", "size": 174696, "path": "media/images/labels_1_a53d04f66266d238ac45.jpg", "format": "jpg", "width": 1600, "height": 1600}, "train_batch0": {"_type": "image-file", "sha256": "582f90271da32bfbbc57fdf9dfe12da27c7e0f7ba40408706dd05e5224d7408b", "size": 385657, "path": "media/images/train_batch0_1_582f90271da32bfbbc57.jpg", "format": "jpg", "width": 1920, "height": 1920}, "train_batch1": {"_type": "image-file", "sha256": "05c7c8f6b2815d807ec032f3f0241437bdf96e73dcdbce577f82248c66419e43", "size": 281463, "path": "media/images/train_batch1_1_05c7c8f6b2815d807ec0.jpg", "format": "jpg", "width": 1920, "height": 1920}, "train_batch2": {"_type": "image-file", "sha256": "1b56cf07ee9ae455bb1091422aedf62b0a85a5041327e6e41e1b5507612d79b2", "size": 288502, "path": "media/images/train_batch2_1_1b56cf07ee9ae455bb10.jpg", "format": "jpg", "width": 1920, "height": 1920}, "model/parameters": 69494019, "model/GFLOPs": 263.975, "model/speed_PyTorch(ms)": 60.529, "_runtime": 41.399372577667236, "_step": 3, "_wandb": {"runtime": 43}}