{"train/box_loss": 1.67213, "train/cls_loss": 2.92419, "train/dfl_loss": 3.04911, "_timestamp": 1720893706.1211011, "lr/pg0": 0.0004948025000000001, "lr/pg1": 0.0004948025000000001, "lr/pg2": 0.0004948025000000001, "metrics/precision(B)": 0.4225, "metrics/recall(B)": 0.20425, "metrics/mAP50(B)": 0.13196, "metrics/mAP50-95(B)": 0.07366, "val/box_loss": 1.38329, "val/cls_loss": 5.13421, "val/dfl_loss": 2.88193, "labels": {"_type": "image-file", "sha256": "a53d04f66266d238ac45ba89533e3a173d1f2b8103ed8668847193f514913328", "size": 174696, "path": "media/images/labels_1_a53d04f66266d238ac45.jpg", "format": "jpg", "width": 1600, "height": 1600}, "train_batch0": {"_type": "image-file", "sha256": "0e92ac9d754fa93393158ba61a7481cd4420a7012e469b60f9e18646364f5c59", "size": 177403, "path": "media/images/train_batch0_1_0e92ac9d754fa9339315.jpg", "format": "jpg", "width": 1920, "height": 1920}, "train_batch1": {"_type": "image-file", "sha256": "4a8e30232048e6eb49451e685cfc91afd5229590baaa7c45bf54e62724047741", "size": 132610, "path": "media/images/train_batch1_1_4a8e30232048e6eb4945.jpg", "format": "jpg", "width": 1920, "height": 1920}, "train_batch2": {"_type": "image-file", "sha256": "8182a6042740c157ee8ab14db0ac72a46f2d4afa9afd8a26903a164356b6b8ec", "size": 221417, "path": "media/images/train_batch2_1_8182a6042740c157ee8a.jpg", "format": "jpg", "width": 1920, "height": 1920}, "model/parameters": 69494019, "model/GFLOPs": 263.975, "model/speed_PyTorch(ms)": 36.929, "_runtime": 346.1064751148224, "_step": 22, "_wandb": {"runtime": 346}}