{"train/box_loss": 0.32393, "train/cls_loss": 0.25682, "train/dfl_loss": 1.78407, "_timestamp": 1718291495.8109846, "lr/pg0": 0.0081487, "lr/pg1": 0.0081487, "lr/pg2": 0.0081487, "metrics/precision(B)": 0.81929, "metrics/recall(B)": 0.57653, "metrics/mAP50(B)": 0.64576, "metrics/mAP50-95(B)": 0.55603, "val/box_loss": 0.79926, "val/cls_loss": 1.24201, "val/dfl_loss": 2.19215, "labels": {"_type": "image-file", "sha256": "7d67f422578ca87be4fdc38d1827bf6424edc452b537531fa1fd8d174b89a9fd", "size": 153751, "path": "media/images/labels_1_7d67f422578ca87be4fd.jpg", "format": "jpg", "width": 1600, "height": 1600}, "train_batch2": {"_type": "image-file", "sha256": "9297ce4d7041d02ee76045d175b5189954389504c46d6c27b1156ac735eb1480", "size": 178143, "path": "media/images/train_batch2_1_9297ce4d7041d02ee760.jpg", "format": "jpg", "width": 1920, "height": 1920}, "train_batch1": {"_type": "image-file", "sha256": "490e377a2724816dd2dd746c10676fee503fbdccefbabe035b49eedd22aba7a9", "size": 240416, "path": "media/images/train_batch1_1_490e377a2724816dd2dd.jpg", "format": "jpg", "width": 1920, "height": 1920}, "train_batch0": {"_type": "image-file", "sha256": "412498aaf36fa7cb8e34de1e6cc2a47f0b9b8911c3dd1da3e79605858e7cd5af", "size": 403838, "path": "media/images/train_batch0_1_412498aaf36fa7cb8e34.jpg", "format": "jpg", "width": 1920, "height": 1920}, "model/parameters": 69494019, "model/GFLOPs": 263.975, "model/speed_PyTorch(ms)": 44.774, "_runtime": 363630.9759016037, "_step": 375, "_wandb": {"runtime": 365277}}