{"train/box_loss": 1.64206, "train/cls_loss": 3.33928, "train/dfl_loss": 3.11235, "_timestamp": 1720214124.358602, "lr/pg0": 0.000496535, "lr/pg1": 0.000496535, "lr/pg2": 0.000496535, "metrics/precision(B)": 0.50957, "metrics/recall(B)": 0.09346, "metrics/mAP50(B)": 0.14216, "metrics/mAP50-95(B)": 0.0715, "val/box_loss": 1.62345, "val/cls_loss": 3.49807, "val/dfl_loss": 3.09777, "labels": {"_type": "image-file", "sha256": "a53d04f66266d238ac45ba89533e3a173d1f2b8103ed8668847193f514913328", "size": 174696, "path": "media/images/labels_1_a53d04f66266d238ac45.jpg", "format": "jpg", "width": 1600, "height": 1600}, "train_batch0": {"_type": "image-file", "sha256": "9962646a952159cda3b22a3a30c38d410e61e0569f14a9bf9d5da7132a94d957", "size": 461764, "path": "media/images/train_batch0_1_9962646a952159cda3b2.jpg", "format": "jpg", "width": 1920, "height": 1920}, "train_batch1": {"_type": "image-file", "sha256": "36380ee1916544d7d838f2f0621517540e214b27c0e6d600b1d530f9b11bbc74", "size": 206214, "path": "media/images/train_batch1_1_36380ee1916544d7d838.jpg", "format": "jpg", "width": 1920, "height": 1920}, "train_batch2": {"_type": "image-file", "sha256": "c46b4b478b11dba302e9bb04429d46d36557ec07598afcc9fcdefa1c789f9e7d", "size": 201911, "path": "media/images/train_batch2_1_c46b4b478b11dba302e9.jpg", "format": "jpg", "width": 1920, "height": 1920}, "model/parameters": 69494019, "model/GFLOPs": 263.975, "model/speed_PyTorch(ms)": 30.142, "_runtime": 260.75977897644043, "_step": 15, "_wandb": {"runtime": 260}}