{"train/box_loss": 2.31513, "train/cls_loss": 4.94793, "train/dfl_loss": 3.28318, "_timestamp": 1720246537.3742466, "lr/pg0": 0.0004982675, "lr/pg1": 0.0004982675, "lr/pg2": 0.0004982675, "metrics/precision(B)": 0.00766, "metrics/recall(B)": 0.16894, "metrics/mAP50(B)": 0.01747, "metrics/mAP50-95(B)": 0.00638, "val/box_loss": 1.97115, "val/cls_loss": 4.44978, "val/dfl_loss": 3.41415, "labels": {"_type": "image-file", "sha256": "a53d04f66266d238ac45ba89533e3a173d1f2b8103ed8668847193f514913328", "size": 174696, "path": "media/images/labels_1_a53d04f66266d238ac45.jpg", "format": "jpg", "width": 1600, "height": 1600}, "train_batch0": {"_type": "image-file", "sha256": "11b72da6f7a236f8408cd0096e386c72c62121149b3c3de340a679fb09ed5fb8", "size": 167789, "path": "media/images/train_batch0_1_11b72da6f7a236f8408c.jpg", "format": "jpg", "width": 1920, "height": 1920}, "train_batch1": {"_type": "image-file", "sha256": "ee5380025a59322127a88f3df4db01aaa8fbb08c6f542fe45a4c414ed79d82dd", "size": 209649, "path": "media/images/train_batch1_1_ee5380025a59322127a8.jpg", "format": "jpg", "width": 1920, "height": 1920}, "train_batch2": {"_type": "image-file", "sha256": "dbe830f948f66eec20709b9f8e5807c057b50a077db4c3f3fc218d029cc54c23", "size": 216055, "path": "media/images/train_batch2_1_dbe830f948f66eec2070.jpg", "format": "jpg", "width": 1920, "height": 1920}, "model/parameters": 69494019, "model/GFLOPs": 263.975, "model/speed_PyTorch(ms)": 49.571, "_runtime": 221.9676525592804, "_step": 8, "_wandb": {"runtime": 222}}