{"train/box_loss": 1.34616, "train/cls_loss": 1.84884, "train/dfl_loss": 2.52826, "_timestamp": 1720016413.051894, "lr/pg0": 0.00024559699999999996, "lr/pg1": 0.00024559699999999996, "lr/pg2": 0.00024559699999999996, "metrics/precision(B)": 0.23446, "metrics/recall(B)": 0.38542, "metrics/mAP50(B)": 0.24705, "metrics/mAP50-95(B)": 0.15574, "val/box_loss": 1.20925, "val/cls_loss": 1.77887, "val/dfl_loss": 2.48638, "labels": {"_type": "image-file", "sha256": "a53d04f66266d238ac45ba89533e3a173d1f2b8103ed8668847193f514913328", "size": 174696, "path": "media/images/labels_1_a53d04f66266d238ac45.jpg", "format": "jpg", "width": 1600, "height": 1600}, "model/parameters": 69494019, "model/GFLOPs": 263.975, "model/speed_PyTorch(ms)": 7.318, "_runtime": 140.29846692085266, "_step": 28, "train_batch1": {"_type": "image-file", "sha256": "67f48055c5595a48d01a10784b02e246d0d79db889dc67507a60fa4e4ad4b2af", "size": 257184, "path": "media/images/train_batch1_2_67f48055c5595a48d01a.jpg", "format": "jpg", "width": 1920, "height": 1920}, "train_batch0": {"_type": "image-file", "sha256": "e10dc752f9697d10ef7eba5353b8022361521921360b17cdd372877f566033b5", "size": 390320, "path": "media/images/train_batch0_3_e10dc752f9697d10ef7e.jpg", "format": "jpg", "width": 1920, "height": 1920}, "train_batch2": {"_type": "image-file", "sha256": "73b3cdd433833ecf596043a13000fd3427a044da3502f39727c4399208ca38f4", "size": 379578, "path": "media/images/train_batch2_4_73b3cdd433833ecf5960.jpg", "format": "jpg", "width": 1920, "height": 1920}, "_wandb": {"runtime": 140}}