{"dataset": "/workspace/datasets/synth/synth_v3_1", "_timestamp": 1718969861.685534, "_runtime": 7.084572076797485, "_step": 0, "_wandb": {"runtime": 8}}