{"train/box_loss": 1.68289, "train/cls_loss": 3.30958, "train/dfl_loss": 3.12739, "_timestamp": 1720191448.6220465, "lr/pg0": 0.000496535, "lr/pg1": 0.000496535, "lr/pg2": 0.000496535, "metrics/precision(B)": 0.29959, "metrics/recall(B)": 0.08669, "metrics/mAP50(B)": 0.09353, "metrics/mAP50-95(B)": 0.05225, "val/box_loss": 1.72315, "val/cls_loss": 3.25985, "val/dfl_loss": 3.32835, "labels": {"_type": "image-file", "sha256": "a53d04f66266d238ac45ba89533e3a173d1f2b8103ed8668847193f514913328", "size": 174696, "path": "media/images/labels_1_a53d04f66266d238ac45.jpg", "format": "jpg", "width": 1600, "height": 1600}, "train_batch0": {"_type": "image-file", "sha256": "07a388d81783268020bfc7f11a9c653cb1eb2568ea58febce4f0b6c1cc962c1b", "size": 479556, "path": "media/images/train_batch0_1_07a388d81783268020bf.jpg", "format": "jpg", "width": 1920, "height": 1920}, "train_batch1": {"_type": "image-file", "sha256": "4d0735ed8829f191885deffed17e61055ebe1faea3de68e8396b2079e03c34ac", "size": 224586, "path": "media/images/train_batch1_1_4d0735ed8829f191885d.jpg", "format": "jpg", "width": 1920, "height": 1920}, "train_batch2": {"_type": "image-file", "sha256": "cd5b2912365926f2c5f18320d2b4fbd948a941feb5e77b58c1c1e9548ea81aa5", "size": 222603, "path": "media/images/train_batch2_1_cd5b2912365926f2c5f1.jpg", "format": "jpg", "width": 1920, "height": 1920}, "model/parameters": 69494019, "model/GFLOPs": 263.975, "model/speed_PyTorch(ms)": 88.441, "_runtime": 220.07442951202393, "_step": 15, "_wandb": {"runtime": 218}}