{"train/box_loss": 1.43764, "train/cls_loss": 2.28927, "train/dfl_loss": 2.76261, "_timestamp": 1720891135.0656002, "lr/pg0": 0.0004948025000000001, "lr/pg1": 0.0004948025000000001, "lr/pg2": 0.0004948025000000001, "metrics/precision(B)": 0.75337, "metrics/recall(B)": 0.12799, "metrics/mAP50(B)": 0.18023, "metrics/mAP50-95(B)": 0.11271, "val/box_loss": 1.2268, "val/cls_loss": 2.51014, "val/dfl_loss": 2.88517, "labels": {"_type": "image-file", "sha256": "a53d04f66266d238ac45ba89533e3a173d1f2b8103ed8668847193f514913328", "size": 174696, "path": "media/images/labels_1_a53d04f66266d238ac45.jpg", "format": "jpg", "width": 1600, "height": 1600}, "train_batch0": {"_type": "image-file", "sha256": "c10069c4c853a1faa623ceac52fb82fea38d110d09f596e1efccc4a51b4f3c54", "size": 385741, "path": "media/images/train_batch0_1_c10069c4c853a1faa623.jpg", "format": "jpg", "width": 1920, "height": 1920}, "train_batch1": {"_type": "image-file", "sha256": "05c7c8f6b2815d807ec032f3f0241437bdf96e73dcdbce577f82248c66419e43", "size": 281463, "path": "media/images/train_batch1_1_05c7c8f6b2815d807ec0.jpg", "format": "jpg", "width": 1920, "height": 1920}, "train_batch2": {"_type": "image-file", "sha256": "aa7b9037ae12454ed6e75c06b18c87e1342cd5984ee76c5314ad59fff84d4d1f", "size": 288496, "path": "media/images/train_batch2_1_aa7b9037ae12454ed6e7.jpg", "format": "jpg", "width": 1920, "height": 1920}, "model/parameters": 69494019, "model/GFLOPs": 263.975, "model/speed_PyTorch(ms)": 36.886, "_runtime": 335.4817850589752, "_step": 22, "_wandb": {"runtime": 336}}