{"train/box_loss": 1.53488, "train/cls_loss": 3.30437, "train/dfl_loss": 3.11902, "_timestamp": 1720214642.1198096, "lr/pg0": 0.000496535, "lr/pg1": 0.000496535, "lr/pg2": 0.000496535, "metrics/precision(B)": 0.0775, "metrics/recall(B)": 0.23606, "metrics/mAP50(B)": 0.11392, "metrics/mAP50-95(B)": 0.07913, "val/box_loss": 1.48405, "val/cls_loss": 3.15591, "val/dfl_loss": 3.27578, "labels": {"_type": "image-file", "sha256": "a53d04f66266d238ac45ba89533e3a173d1f2b8103ed8668847193f514913328", "size": 174696, "path": "media/images/labels_1_a53d04f66266d238ac45.jpg", "format": "jpg", "width": 1600, "height": 1600}, "train_batch0": {"_type": "image-file", "sha256": "a0edcdb2d3e984252bdf4b2b843bac722c9e2c6df94d5acf546e6d1dbfa53fbc", "size": 414233, "path": "media/images/train_batch0_1_a0edcdb2d3e984252bdf.jpg", "format": "jpg", "width": 1920, "height": 1920}, "train_batch1": {"_type": "image-file", "sha256": "e6541f2ea4493a560eb76e0fb1a3df6e66e8933b1cf189e494dbe789f4350cdb", "size": 204555, "path": "media/images/train_batch1_1_e6541f2ea4493a560eb7.jpg", "format": "jpg", "width": 1920, "height": 1920}, "train_batch2": {"_type": "image-file", "sha256": "2b0d79931159de388fcf29d4af5c78e1bb41d569f6ccae58506651937e1c3daf", "size": 176609, "path": "media/images/train_batch2_1_2b0d79931159de388fcf.jpg", "format": "jpg", "width": 1920, "height": 1920}, "model/parameters": 69494019, "model/GFLOPs": 263.975, "model/speed_PyTorch(ms)": 70.904, "_runtime": 278.5056095123291, "_step": 15, "_wandb": {"runtime": 279}}