{"train/box_loss": 1.30364, "train/cls_loss": 0.99256, "train/dfl_loss": 1.88586, "_timestamp": 1720009727.0420032, "lr/pg0": 0.00040595000000000003, "lr/pg1": 0.00040595000000000003, "lr/pg2": 0.00040595000000000003, "metrics/precision(B)": 0.53886, "metrics/recall(B)": 0.55505, "metrics/mAP50(B)": 0.51444, "metrics/mAP50-95(B)": 0.32174, "val/box_loss": 2.70316, "val/cls_loss": 2.24756, "val/dfl_loss": 2.89241, "labels": {"_type": "image-file", "sha256": "a53d04f66266d238ac45ba89533e3a173d1f2b8103ed8668847193f514913328", "size": 174696, "path": "media/images/labels_1_a53d04f66266d238ac45.jpg", "format": "jpg", "width": 1600, "height": 1600}, "train_batch0": {"_type": "image-file", "sha256": "8ab7af47998fe7bf4ec88990de2fa6ae0e8181a5eae9c7efabeddf65be1f15e9", "size": 461897, "path": "media/images/train_batch0_1_8ab7af47998fe7bf4ec8.jpg", "format": "jpg", "width": 1920, "height": 1920}, "train_batch1": {"_type": "image-file", "sha256": "5446116272272b54af25904129c859165a5fcbd42463fbacea876a4e337d7dcc", "size": 207952, "path": "media/images/train_batch1_1_5446116272272b54af25.jpg", "format": "jpg", "width": 1920, "height": 1920}, "train_batch2": {"_type": "image-file", "sha256": "a954d5b5bbe0133741ccd57474bf92fcf4b9a4ed6c69892da0caeedee7fa801e", "size": 204927, "path": "media/images/train_batch2_1_a954d5b5bbe0133741cc.jpg", "format": "jpg", "width": 1920, "height": 1920}, "model/parameters": 31685696, "model/GFLOPs": 171.158, "model/speed_PyTorch(ms)": 48.609, "_runtime": 4011.8320832252502, "_step": 381, "_wandb": {"runtime": 4017}}