{"train/box_loss": 2.17043, "train/cls_loss": 2.90666, "train/dfl_loss": 3.52316, "_timestamp": 1719930250.4593196, "lr/pg0": 0.0068023, "lr/pg1": 0.0068023, "lr/pg2": 0.0068023, "metrics/precision(B)": 0.47138, "metrics/recall(B)": 0.01667, "metrics/mAP50(B)": 0.02546, "metrics/mAP50-95(B)": 0.00671, "val/box_loss": 3.52749, "val/cls_loss": 5.20322, "val/dfl_loss": 3.98386, "labels": {"_type": "image-file", "sha256": "a53d04f66266d238ac45ba89533e3a173d1f2b8103ed8668847193f514913328", "size": 174696, "path": "media/images/labels_1_a53d04f66266d238ac45.jpg", "format": "jpg", "width": 1600, "height": 1600}, "train_batch0": {"_type": "image-file", "sha256": "13a6c456182b56d8a3e8a5f55c8b50e6c38ed18f00dba751c8557cf80b4c9f3e", "size": 461626, "path": "media/images/train_batch0_1_13a6c456182b56d8a3e8.jpg", "format": "jpg", "width": 1920, "height": 1920}, "train_batch1": {"_type": "image-file", "sha256": "36380ee1916544d7d838f2f0621517540e214b27c0e6d600b1d530f9b11bbc74", "size": 206214, "path": "media/images/train_batch1_1_36380ee1916544d7d838.jpg", "format": "jpg", "width": 1920, "height": 1920}, "train_batch2": {"_type": "image-file", "sha256": "c46b4b478b11dba302e9bb04429d46d36557ec07598afcc9fcdefa1c789f9e7d", "size": 201911, "path": "media/images/train_batch2_1_c46b4b478b11dba302e9.jpg", "format": "jpg", "width": 1920, "height": 1920}, "model/parameters": 69494019, "model/GFLOPs": 263.975, "model/speed_PyTorch(ms)": 30.419, "_runtime": 5141.0596215724945, "_step": 647, "_wandb": {"runtime": 5142}}