{"dataset": "/workspace/datasets/synth/synth_v3_1", "_timestamp": 1718971466.1633997, "_runtime": 34.215447664260864, "_step": 1, "_wandb": {"runtime": 33}, "train/box_loss": 1.7485, "train/cls_loss": 5.00795, "train/dfl_loss": 3.07925, "lr/pg0": 4.5e-05, "lr/pg1": 4.5e-05, "lr/pg2": 4.5e-05}