{"train/box_loss": 3.15141, "train/cls_loss": 4.90663, "train/dfl_loss": 2.65017, "_timestamp": 1718647338.4767034, "lr/pg0": 0.00024487872500000005, "lr/pg1": 0.00024487872500000005, "lr/pg2": 0.00024487872500000005, "metrics/precision(B)": 0.00043, "metrics/recall(B)": 0.00065, "metrics/mAP50(B)": 0.00022, "metrics/mAP50-95(B)": 4e-05, "val/box_loss": 3.37258, "val/cls_loss": 4.81027, "val/dfl_loss": 2.73396, "labels": {"_type": "image-file", "sha256": "1e15b564d8feff8e11d871ab418039f5976d5f9785bb3bb20ca0e0b54a3b77b2", "size": 171073, "path": "media/images/labels_1_1e15b564d8feff8e11d8.jpg", "format": "jpg", "width": 1600, "height": 1600}, "train_batch0": {"_type": "image-file", "sha256": "d34d848659cf05c3f4a9907751b1195216ab7f11cebc8de6589f259d35d11a13", "size": 22268, "path": "media/images/train_batch0_1_d34d848659cf05c3f4a9.jpg", "format": "jpg", "width": 320, "height": 320}, "train_batch1": {"_type": "image-file", "sha256": "791efd087aa7c13532d6d7e88d4382852b3feb513b1c65df055be8c32d24ee54", "size": 11649, "path": "media/images/train_batch1_1_791efd087aa7c13532d6.jpg", "format": "jpg", "width": 320, "height": 320}, "train_batch2": {"_type": "image-file", "sha256": "95da28289b02577b9790eadbd60b0d182edd3b1111485aca7d8906bfbe099026", "size": 15034, "path": "media/images/train_batch2_1_95da28289b02577b9790.jpg", "format": "jpg", "width": 320, "height": 320}, "model/parameters": 69494019, "model/GFLOPs": 263.975, "model/speed_PyTorch(ms)": 42.651, "_runtime": 29.487372398376465, "_step": 2, "_wandb": {"runtime": 30}}