{"train/box_loss": 2.49562, "train/cls_loss": 4.51026, "train/dfl_loss": 2.45175, "_timestamp": 1718384341.72568, "lr/pg0": 0.000488615, "lr/pg1": 0.000488615, "lr/pg2": 0.000488615, "metrics/precision(B)": 0.00295, "metrics/recall(B)": 0.05417, "metrics/mAP50(B)": 0.00417, "metrics/mAP50-95(B)": 0.00174, "val/box_loss": 3.0881, "val/cls_loss": 5.65527, "val/dfl_loss": 2.94043, "labels": {"_type": "image-file", "sha256": "0304a5f28db6e27cc28abc533185d5f34ba7ed74c48c5aad92bdefd23d8f8e65", "size": 181644, "path": "media/images/labels_1_0304a5f28db6e27cc28a.jpg", "format": "jpg", "width": 1600, "height": 1600}, "train_batch0": {"_type": "image-file", "sha256": "fd2551c521d3b58871bc66ad233d9187e2818cee1fa5c5a30b317e72621477da", "size": 551006, "path": "media/images/train_batch0_1_fd2551c521d3b58871bc.jpg", "format": "jpg", "width": 1920, "height": 1920}, "train_batch1": {"_type": "image-file", "sha256": "99709cf99dbb4cf8c6ccf19147a3ff2610ed064ff81892d0da2657007626979b", "size": 194964, "path": "media/images/train_batch1_1_99709cf99dbb4cf8c6cc.jpg", "format": "jpg", "width": 1920, "height": 1920}, "train_batch2": {"_type": "image-file", "sha256": "daa1a0330d9555392399c8e75b80608b5ae69d3fff9a8436760296bf00f0bd3d", "size": 215254, "path": "media/images/train_batch2_1_daa1a0330d9555392399.jpg", "format": "jpg", "width": 1920, "height": 1920}, "model/parameters": 58157248, "model/GFLOPs": 192.74, "model/speed_PyTorch(ms)": 95.418, "_runtime": 507.3546121120453, "_step": 47, "_wandb": {"runtime": 507}}