{"train/box_loss": 1.44652, "train/cls_loss": 2.68763, "train/dfl_loss": 2.81533, "_timestamp": 1720892817.4894223, "lr/pg0": 0.00049604, "lr/pg1": 0.00049604, "lr/pg2": 0.00049604, "metrics/precision(B)": 0.44331, "metrics/recall(B)": 0.2287, "metrics/mAP50(B)": 0.16016, "metrics/mAP50-95(B)": 0.09106, "val/box_loss": 1.37841, "val/cls_loss": 3.23652, "val/dfl_loss": 2.99319, "labels": {"_type": "image-file", "sha256": "a53d04f66266d238ac45ba89533e3a173d1f2b8103ed8668847193f514913328", "size": 174696, "path": "media/images/labels_1_a53d04f66266d238ac45.jpg", "format": "jpg", "width": 1600, "height": 1600}, "train_batch0": {"_type": "image-file", "sha256": "6c5bb604a5883fcc590842ba60ad179df47c1fca0bf1d3257126c0a8e9fd7fec", "size": 378499, "path": "media/images/train_batch0_1_6c5bb604a5883fcc5908.jpg", "format": "jpg", "width": 1920, "height": 1920}, "train_batch1": {"_type": "image-file", "sha256": "17121a59f205d3eedea9a26f21fcd7e0037e46e57e060486e2d71e17fb1547b8", "size": 270376, "path": "media/images/train_batch1_1_17121a59f205d3eedea9.jpg", "format": "jpg", "width": 1920, "height": 1920}, "train_batch2": {"_type": "image-file", "sha256": "95aa81b01c8cc982cb3807dd23d948747d1867c9d4dbf846aaab89049d00429c", "size": 248240, "path": "media/images/train_batch2_1_95aa81b01c8cc982cb38.jpg", "format": "jpg", "width": 1920, "height": 1920}, "model/parameters": 69494019, "model/GFLOPs": 263.975, "model/speed_PyTorch(ms)": 37.132, "_runtime": 278.7481074333191, "_step": 17, "_wandb": {"runtime": 278}}