{"train/box_loss": 1.69456, "train/cls_loss": 3.55394, "train/dfl_loss": 3.16136, "_timestamp": 1719489572.4653308, "lr/pg0": 0.000496535, "lr/pg1": 0.000496535, "lr/pg2": 0.000496535, "metrics/precision(B)": 0.45953, "metrics/recall(B)": 0.08596, "metrics/mAP50(B)": 0.13862, "metrics/mAP50-95(B)": 0.07481, "val/box_loss": 1.68137, "val/cls_loss": 3.7932, "val/dfl_loss": 3.07277, "labels": {"_type": "image-file", "sha256": "f46c394669e2d60e152defea7d75c9eb59a87ba8db50d2b1f95f53f412e8df1e", "size": 177335, "path": "media/images/labels_1_f46c394669e2d60e152d.jpg", "format": "jpg", "width": 1600, "height": 1600}, "train_batch0": {"_type": "image-file", "sha256": "ed028124fbdbdf95af18a4ef2f83102794d179f9b0d7e33aee0ae129e8efcf2d", "size": 470746, "path": "media/images/train_batch0_1_ed028124fbdbdf95af18.jpg", "format": "jpg", "width": 1920, "height": 1920}, "train_batch1": {"_type": "image-file", "sha256": "ee613843df568db61a170acb71cc7b9e4f68b3bded0249783f90c6e04f500eab", "size": 214218, "path": "media/images/train_batch1_1_ee613843df568db61a17.jpg", "format": "jpg", "width": 1920, "height": 1920}, "train_batch2": {"_type": "image-file", "sha256": "51e700c473445fddf436c28d32b4159b96200eb069e0a83bd8973ccbaa9305d0", "size": 204243, "path": "media/images/train_batch2_1_51e700c473445fddf436.jpg", "format": "jpg", "width": 1920, "height": 1920}, "model/parameters": 69494019, "model/GFLOPs": 263.975, "model/speed_PyTorch(ms)": 91.826, "_runtime": 185.54124975204468, "_step": 15, "_wandb": {"runtime": 187}}