{"train/box_loss": 2.28296, "train/cls_loss": 5.25716, "train/dfl_loss": 1.82293, "_timestamp": 1717501505.955153, "lr/pg0": 0.0004901, "lr/pg1": 0.0004901, "lr/pg2": 0.0004901, "metrics/precision(B)": 0.10047, "metrics/recall(B)": 0.02273, "metrics/mAP50(B)": 0.06197, "metrics/mAP50-95(B)": 0.03666, "val/box_loss": 2.1135, "val/cls_loss": 4.76691, "val/dfl_loss": 1.7679, "labels": {"_type": "image-file", "sha256": "3652fa9004ecb518ca8f9a7a5af57291040c27db44e0f8159f39e6a6878fb650", "size": 152187, "path": "media/images/labels_1_3652fa9004ecb518ca8f.jpg", "format": "jpg", "width": 1600, "height": 1600}, "train_batch0": {"_type": "image-file", "sha256": "f2b4a84a821d84f602042f36a4ed6fbb8e1ebbba665f11b97a5492b276b9ae3f", "size": 202711, "path": "media/images/train_batch0_1_f2b4a84a821d84f60204.jpg", "format": "jpg", "width": 1920, "height": 1920}, "train_batch1": {"_type": "image-file", "sha256": "5fa424cf8887ed9cc35faf356fd5f2a120b2136105a2e460aafb1a812b191f1b", "size": 220745, "path": "media/images/train_batch1_1_5fa424cf8887ed9cc35f.jpg", "format": "jpg", "width": 1920, "height": 1920}, "train_batch2": {"_type": "image-file", "sha256": "b9140a010ee101e58cb7e6af0ef70ab6d65511bf62b67d9f7ecb35bf1f25c648", "size": 157334, "path": "media/images/train_batch2_1_b9140a010ee101e58cb7.jpg", "format": "jpg", "width": 1920, "height": 1920}, "model/parameters": 58157248, "model/GFLOPs": 192.74, "model/speed_PyTorch(ms)": 158.432, "_runtime": 278.6387610435486, "_step": 41, "_wandb": {"runtime": 278}}