{"train/box_loss": 2.07387, "train/cls_loss": 4.728, "train/dfl_loss": 3.42255, "_timestamp": 1720213983.727985, "lr/pg0": 0.0004982675, "lr/pg1": 0.0004982675, "lr/pg2": 0.0004982675, "metrics/precision(B)": 0.00797, "metrics/recall(B)": 0.15805, "metrics/mAP50(B)": 0.01827, "metrics/mAP50-95(B)": 0.00532, "val/box_loss": 2.07069, "val/cls_loss": 4.45914, "val/dfl_loss": 3.59688, "labels": {"_type": "image-file", "sha256": "a53d04f66266d238ac45ba89533e3a173d1f2b8103ed8668847193f514913328", "size": 174696, "path": "media/images/labels_1_a53d04f66266d238ac45.jpg", "format": "jpg", "width": 1600, "height": 1600}, "train_batch0": {"_type": "image-file", "sha256": "4babc832d41cda7f4e77f6fe354e1584e56faef3449620076873e098caf2eb48", "size": 404209, "path": "media/images/train_batch0_1_4babc832d41cda7f4e77.jpg", "format": "jpg", "width": 1920, "height": 1920}, "train_batch1": {"_type": "image-file", "sha256": "d88bf13d05d8858e9ca9424983405a918165ed692111339685c63596a86abf27", "size": 166295, "path": "media/images/train_batch1_1_d88bf13d05d8858e9ca9.jpg", "format": "jpg", "width": 1920, "height": 1920}, "train_batch2": {"_type": "image-file", "sha256": "e38b7eb044b4bc9a6bab9bc3e18de94afb7be128a0876f5e279b1588b43e9364", "size": 160639, "path": "media/images/train_batch2_1_e38b7eb044b4bc9a6bab.jpg", "format": "jpg", "width": 1920, "height": 1920}, "model/parameters": 69494019, "model/GFLOPs": 263.975, "model/speed_PyTorch(ms)": 30.467, "_runtime": 193.88593697547913, "_step": 8, "_wandb": {"runtime": 193}}