{"train/box_loss": 1.1841, "train/cls_loss": 1.48097, "train/dfl_loss": 2.46343, "_timestamp": 1720015893.5664678, "lr/pg0": 0.00029854919999999996, "lr/pg1": 0.00029854919999999996, "lr/pg2": 0.00029854919999999996, "metrics/precision(B)": 0.51522, "metrics/recall(B)": 0.47504, "metrics/mAP50(B)": 0.39929, "metrics/mAP50-95(B)": 0.26433, "val/box_loss": 1.14124, "val/cls_loss": 1.7115, "val/dfl_loss": 2.41813, "labels": {"_type": "image-file", "sha256": "a53d04f66266d238ac45ba89533e3a173d1f2b8103ed8668847193f514913328", "size": 174696, "path": "media/images/labels_1_a53d04f66266d238ac45.jpg", "format": "jpg", "width": 1600, "height": 1600}, "model/parameters": 69494019, "model/GFLOPs": 263.975, "model/speed_PyTorch(ms)": 7.279, "_runtime": 423.2952537536621, "_step": 35, "train_batch1": {"_type": "image-file", "sha256": "b16716a58884e9c189d2b1984ece01f5f506e3385559e29f177c950652939483", "size": 386861, "path": "media/images/train_batch1_2_b16716a58884e9c189d2.jpg", "format": "jpg", "width": 1920, "height": 1920}, "train_batch0": {"_type": "image-file", "sha256": "23137521fce75b16a322f60a480976dbdac2101b896b2a2c7fe21f46c516f992", "size": 577096, "path": "media/images/train_batch0_3_23137521fce75b16a322.jpg", "format": "jpg", "width": 1920, "height": 1920}, "train_batch2": {"_type": "image-file", "sha256": "1a46165f3bab5dca71a2c2cf4959aa31b1f04a3b923f0fc53c4a9b3ceef9aaed", "size": 553465, "path": "media/images/train_batch2_4_1a46165f3bab5dca71a2.jpg", "format": "jpg", "width": 1920, "height": 1920}, "_wandb": {"runtime": 423}}