{"dataset": "/workspace/datasets/synth/synth_v3_50000_8", "_timestamp": 1721292608.9544497, "_runtime": 7.097079753875732, "_step": 0, "_wandb": {"runtime": 40}}