{"train/box_loss": 2.1722, "train/cls_loss": 4.59417, "train/dfl_loss": 3.36138, "_timestamp": 1720251042.3111243, "lr/pg0": 0.0004982675, "lr/pg1": 0.0004982675, "lr/pg2": 0.0004982675, "metrics/precision(B)": 0.02827, "metrics/recall(B)": 0.05145, "metrics/mAP50(B)": 0.0519, "metrics/mAP50-95(B)": 0.01842, "val/box_loss": 2.03225, "val/cls_loss": 4.49525, "val/dfl_loss": 3.52105, "labels": {"_type": "image-file", "sha256": "a53d04f66266d238ac45ba89533e3a173d1f2b8103ed8668847193f514913328", "size": 174696, "path": "media/images/labels_1_a53d04f66266d238ac45.jpg", "format": "jpg", "width": 1600, "height": 1600}, "train_batch0": {"_type": "image-file", "sha256": "2fc9b085ceafa9f755dbcd5ba4de27d3e1b3032ac74d6b0f181757fb3abe7e88", "size": 261673, "path": "media/images/train_batch0_1_2fc9b085ceafa9f755db.jpg", "format": "jpg", "width": 1920, "height": 1920}, "train_batch1": {"_type": "image-file", "sha256": "b4f16bc6d12858d11ea3cd7b0a6062a5c954622d7059e2c10176e8218c000d92", "size": 259090, "path": "media/images/train_batch1_1_b4f16bc6d12858d11ea3.jpg", "format": "jpg", "width": 1920, "height": 1920}, "train_batch2": {"_type": "image-file", "sha256": "88b77352f4e562835d541743bc12df41bccda1604d93835c9436c45361eaee17", "size": 239120, "path": "media/images/train_batch2_1_88b77352f4e562835d54.jpg", "format": "jpg", "width": 1920, "height": 1920}, "model/parameters": 69494019, "model/GFLOPs": 263.975, "model/speed_PyTorch(ms)": 49.415, "_runtime": 233.58526420593262, "_step": 8, "_wandb": {"runtime": 236}}