{"train/box_loss": 1.65969, "train/cls_loss": 2.74745, "train/dfl_loss": 2.61111, "_timestamp": 1720016256.9666016, "lr/pg0": 0.00012805019999999998, "lr/pg1": 0.00012805019999999998, "lr/pg2": 0.00012805019999999998, "metrics/precision(B)": 0.34265, "metrics/recall(B)": 0.05546, "metrics/mAP50(B)": 0.09413, "metrics/mAP50-95(B)": 0.04996, "val/box_loss": 1.53456, "val/cls_loss": 2.81961, "val/dfl_loss": 2.59043, "labels": {"_type": "image-file", "sha256": "a53d04f66266d238ac45ba89533e3a173d1f2b8103ed8668847193f514913328", "size": 174696, "path": "media/images/labels_1_a53d04f66266d238ac45.jpg", "format": "jpg", "width": 1600, "height": 1600}, "model/parameters": 69494019, "model/GFLOPs": 263.975, "model/speed_PyTorch(ms)": 11.132, "_runtime": 202.14123272895813, "_step": 14, "train_batch1": {"_type": "image-file", "sha256": "bca36636e79c1a7a02cbc9562343e4336d0d46a9f3a7af20bf9d0e9068712760", "size": 380089, "path": "media/images/train_batch1_3_bca36636e79c1a7a02cb.jpg", "format": "jpg", "width": 1920, "height": 1920}, "train_batch0": {"_type": "image-file", "sha256": "7be91f6f4aed44b2a00b3eb38517429a3e57bde220281256c5b53dbbc129fffa", "size": 580955, "path": "media/images/train_batch0_4_7be91f6f4aed44b2a00b.jpg", "format": "jpg", "width": 1920, "height": 1920}, "train_batch2": {"_type": "image-file", "sha256": "7ffc01f19fb7d7d1c5e9b1085429a3d6e62bc28bf8035b63a694fa16fdd44d40", "size": 555603, "path": "media/images/train_batch2_4_7ffc01f19fb7d7d1c5e9.jpg", "format": "jpg", "width": 1920, "height": 1920}, "_wandb": {"runtime": 202}}