{"train/box_loss": 1.72061, "train/cls_loss": 2.78798, "train/dfl_loss": 2.69828, "_timestamp": 1720012859.2643013, "lr/pg0": 0.00047624, "lr/pg1": 0.00047624, "lr/pg2": 0.00047624, "metrics/precision(B)": 0.1786, "metrics/recall(B)": 0.14458, "metrics/mAP50(B)": 0.13194, "metrics/mAP50-95(B)": 0.06272, "val/box_loss": 1.41092, "val/cls_loss": 3.47191, "val/dfl_loss": 2.67987, "labels": {"_type": "image-file", "sha256": "a53d04f66266d238ac45ba89533e3a173d1f2b8103ed8668847193f514913328", "size": 174696, "path": "media/images/labels_1_a53d04f66266d238ac45.jpg", "format": "jpg", "width": 1600, "height": 1600}, "train_batch0": {"_type": "image-file", "sha256": "d60821a204298e64ab2f584a8cba1ab481c83def11eab9531c368ade7394d0f2", "size": 258479, "path": "media/images/train_batch0_1_d60821a204298e64ab2f.jpg", "format": "jpg", "width": 1920, "height": 1920}, "train_batch2": {"_type": "image-file", "sha256": "6c8d6d2e7f470623b26d89fbb5eb4be006284739e1a897e313cfe462e00abefd", "size": 190650, "path": "media/images/train_batch2_1_6c8d6d2e7f470623b26d.jpg", "format": "jpg", "width": 1920, "height": 1920}, "train_batch1": {"_type": "image-file", "sha256": "84cc9637a3f57427064bdcd95c50d99297ac54c9d9a9f910f757c011ef4bb262", "size": 147997, "path": "media/images/train_batch1_1_84cc9637a3f57427064b.jpg", "format": "jpg", "width": 1920, "height": 1920}, "model/parameters": 69494019, "model/GFLOPs": 263.975, "model/speed_PyTorch(ms)": 36.496, "_runtime": 201.26691818237305, "_step": 13, "_wandb": {"runtime": 199}}