{"train/box_loss": 0.54048, "train/cls_loss": 0.42613, "train/dfl_loss": 1.89875, "_timestamp": 1719405891.5871816, "lr/pg0": 0.000373775, "lr/pg1": 0.000373775, "lr/pg2": 0.000373775, "metrics/precision(B)": 0.6661, "metrics/recall(B)": 0.70617, "metrics/mAP50(B)": 0.67649, "metrics/mAP50-95(B)": 0.53926, "val/box_loss": 0.77325, "val/cls_loss": 2.18356, "val/dfl_loss": 2.66293, "labels": {"_type": "image-file", "sha256": "ac57abd3d7474b0c7d3dddb4ff027b7f912343ab94bec5be5e2f7abbac4531b6", "size": 183540, "path": "media/images/labels_1_ac57abd3d7474b0c7d3d.jpg", "format": "jpg", "width": 1600, "height": 1600}, "train_batch1": {"_type": "image-file", "sha256": "d1ed9a0cf60acb5c6ed834e52a9fac6ba2dab7140db335ad3aee2f03a9eebf1c", "size": 191455, "path": "media/images/train_batch1_1_d1ed9a0cf60acb5c6ed8.jpg", "format": "jpg", "width": 1920, "height": 1920}, "train_batch2": {"_type": "image-file", "sha256": "161abb0bf0e9fd9dfd184c3a87956ff737339c120cb88d9661836ad69daec138", "size": 305352, "path": "media/images/train_batch2_1_161abb0bf0e9fd9dfd18.jpg", "format": "jpg", "width": 1920, "height": 1920}, "train_batch0": {"_type": "image-file", "sha256": "6eaf51578049718800f6ce020c453828d8bdd51d76d19b5113e9ca112047d338", "size": 474034, "path": "media/images/train_batch0_1_6eaf51578049718800f6.jpg", "format": "jpg", "width": 1920, "height": 1920}, "model/parameters": 69494019, "model/GFLOPs": 263.975, "model/speed_PyTorch(ms)": 60.271, "_runtime": 6621.066033601761, "_step": 511, "_wandb": {"runtime": 6621}}