{"train/box_loss": 2.61689, "train/cls_loss": 4.72046, "train/dfl_loss": 3.11552, "_timestamp": 1720009953.2130783, "lr/pg0": 3.458420000000001e-05, "lr/pg1": 3.458420000000001e-05, "lr/pg2": 3.458420000000001e-05, "metrics/precision(B)": 0.00314, "metrics/recall(B)": 0.04249, "metrics/mAP50(B)": 0.00493, "metrics/mAP50-95(B)": 0.00133, "val/box_loss": 2.69287, "val/cls_loss": 4.60339, "val/dfl_loss": 3.38806, "labels": {"_type": "image-file", "sha256": "a53d04f66266d238ac45ba89533e3a173d1f2b8103ed8668847193f514913328", "size": 174696, "path": "media/images/labels_1_a53d04f66266d238ac45.jpg", "format": "jpg", "width": 1600, "height": 1600}, "model/parameters": 69494019, "model/GFLOPs": 263.975, "model/speed_PyTorch(ms)": 17.289, "_runtime": 50.06023621559143, "_step": 4, "train_batch1": {"_type": "image-file", "sha256": "bca36636e79c1a7a02cbc9562343e4336d0d46a9f3a7af20bf9d0e9068712760", "size": 380089, "path": "media/images/train_batch1_2_bca36636e79c1a7a02cb.jpg", "format": "jpg", "width": 1920, "height": 1920}, "train_batch0": {"_type": "image-file", "sha256": "7be91f6f4aed44b2a00b3eb38517429a3e57bde220281256c5b53dbbc129fffa", "size": 580955, "path": "media/images/train_batch0_3_7be91f6f4aed44b2a00b.jpg", "format": "jpg", "width": 1920, "height": 1920}, "_wandb": {"runtime": 51}, "train_batch2": {"_type": "image-file", "sha256": "7ffc01f19fb7d7d1c5e9b1085429a3d6e62bc28bf8035b63a694fa16fdd44d40", "size": 555603, "path": "media/images/train_batch2_4_7ffc01f19fb7d7d1c5e9.jpg", "format": "jpg", "width": 1920, "height": 1920}}