{"train/box_om": 2.15027, "train/cls_om": 5.39773, "train/dfl_om": 1.82375, "train/box_oo": 2.20911, "train/cls_oo": 8.8221, "train/dfl_oo": 1.72924, "_timestamp": 1718975485.61043, "lr/pg0": 0.0004977725, "lr/pg1": 0.0004977725, "lr/pg2": 0.0004977725, "metrics/precision(B)": 0.00581, "metrics/recall(B)": 0.02474, "metrics/mAP50(B)": 0.00556, "metrics/mAP50-95(B)": 0.00474, "val/box_om": 2.26554, "val/cls_om": 5.30337, "val/dfl_om": 2.08001, "val/box_oo": 2.25044, "val/cls_oo": 7.9292, "val/dfl_oo": 1.93772, "labels": {"_type": "image-file", "sha256": "f46c394669e2d60e152defea7d75c9eb59a87ba8db50d2b1f95f53f412e8df1e", "size": 177335, "path": "media/images/labels_1_f46c394669e2d60e152d.jpg", "format": "jpg", "width": 1600, "height": 1600}, "train_batch0": {"_type": "image-file", "sha256": "20fdc49c69826625fc49c15dd0e922a50f1d227d557bb4e3c2ad72ef89d09321", "size": 470058, "path": "media/images/train_batch0_1_20fdc49c69826625fc49.jpg", "format": "jpg", "width": 1920, "height": 1920}, "train_batch1": {"_type": "image-file", "sha256": "7dabb7e14864ecb69bfddfb555aa69f644553c58e00dffa3d4228400fbc06518", "size": 216085, "path": "media/images/train_batch1_1_7dabb7e14864ecb69bfd.jpg", "format": "jpg", "width": 1920, "height": 1920}, "train_batch2": {"_type": "image-file", "sha256": "45eaf01c408efc2f73004e1a7c53d978a33a14c77c390c04313fe54ad5f382f7", "size": 207144, "path": "media/images/train_batch2_1_45eaf01c408efc2f7300.jpg", "format": "jpg", "width": 1920, "height": 1920}, "model/parameters": 25790000, "model/GFLOPs": 127.325, "model/speed_PyTorch(ms)": 58.168, "_runtime": 497.97147607803345, "_step": 11, "_wandb": {"runtime": 498}}