{"train/box_loss": 2.73475, "train/cls_loss": 5.62181, "train/dfl_loss": 3.36557, "_timestamp": 1718794460.80231, "lr/pg0": 0.00049703, "lr/pg1": 0.00049703, "lr/pg2": 0.00049703, "metrics/precision(B)": 0.00121, "metrics/recall(B)": 0.00107, "metrics/mAP50(B)": 0.00064, "metrics/mAP50-95(B)": 0.00038, "val/box_loss": 2.99184, "val/cls_loss": 5.01028, "val/dfl_loss": 3.33326, "labels": {"_type": "image-file", "sha256": "e62c1946ccea7ff0c2b919cbc26c7c3697588153ae6db98fcddef5c2eb516027", "size": 173500, "path": "media/images/labels_1_e62c1946ccea7ff0c2b9.jpg", "format": "jpg", "width": 1600, "height": 1600}, "train_batch2": {"_type": "image-file", "sha256": "4c463adb7c5d28b62c385b78c12ab2bc5d5510307e578edaf002a3bbc068d24b", "size": 228136, "path": "media/images/train_batch2_1_4c463adb7c5d28b62c38.jpg", "format": "jpg", "width": 1920, "height": 1920}, "train_batch1": {"_type": "image-file", "sha256": "88b71f080c5837fab732ce84f6663d4bb4ecc62465fc5de08e531a0f04042f35", "size": 144331, "path": "media/images/train_batch1_1_88b71f080c5837fab732.jpg", "format": "jpg", "width": 1920, "height": 1920}, "train_batch0": {"_type": "image-file", "sha256": "82b0736c0e576d6f04889800285bf9b78de8e17cee0f525ee87c24e69a165f4a", "size": 369285, "path": "media/images/train_batch0_1_82b0736c0e576d6f0488.jpg", "format": "jpg", "width": 1920, "height": 1920}, "model/parameters": 3085635, "model/GFLOPs": 8.458, "model/speed_PyTorch(ms)": 67.901, "_runtime": 79.09855604171753, "_step": 13, "_wandb": {"runtime": 80}}