{"dataset": "/workspace/datasets/synth/synth_v3_1", "_timestamp": 1718971682.968574, "_runtime": 8.753529071807861, "_step": 0, "_wandb": {"runtime": 66}}