{"train/box_loss": 1.42526, "train/cls_loss": 2.92683, "train/dfl_loss": 3.06142, "_timestamp": 1720213129.4634166, "lr/pg0": 0.000493565, "lr/pg1": 0.000493565, "lr/pg2": 0.000493565, "metrics/precision(B)": 0.27726, "metrics/recall(B)": 0.20071, "metrics/mAP50(B)": 0.15818, "metrics/mAP50-95(B)": 0.0854, "val/box_loss": 1.35373, "val/cls_loss": 2.66377, "val/dfl_loss": 3.08895, "labels": {"_type": "image-file", "sha256": "a53d04f66266d238ac45ba89533e3a173d1f2b8103ed8668847193f514913328", "size": 174696, "path": "media/images/labels_1_a53d04f66266d238ac45.jpg", "format": "jpg", "width": 1600, "height": 1600}, "train_batch0": {"_type": "image-file", "sha256": "fe7b8fd55688d3a82e9021eb58931871c8454f52a9ab85790251dcc4f222acd0", "size": 474056, "path": "media/images/train_batch0_1_fe7b8fd55688d3a82e90.jpg", "format": "jpg", "width": 1920, "height": 1920}, "train_batch1": {"_type": "image-file", "sha256": "777b839bbea5723705f67587f719d2aacffb7214d940c6020111b6c1283d20c3", "size": 216729, "path": "media/images/train_batch1_1_777b839bbea5723705f6.jpg", "format": "jpg", "width": 1920, "height": 1920}, "train_batch2": {"_type": "image-file", "sha256": "1f617ea01d5849c27ec3c98dfea8be8b762892b60af3a41829722c2e59ff1d00", "size": 213854, "path": "media/images/train_batch2_1_1f617ea01d5849c27ec3.jpg", "format": "jpg", "width": 1920, "height": 1920}, "model/parameters": 69494019, "model/GFLOPs": 263.975, "model/speed_PyTorch(ms)": 69.418, "_runtime": 439.6692245006561, "_step": 27, "_wandb": {"runtime": 441}}