{"train/box_loss": 1.64695, "train/cls_loss": 3.90235, "train/dfl_loss": 3.08962, "_timestamp": 1720215130.3182387, "lr/pg0": 0.00049703, "lr/pg1": 0.00049703, "lr/pg2": 0.00049703, "metrics/precision(B)": 0.36587, "metrics/recall(B)": 0.08018, "metrics/mAP50(B)": 0.09726, "metrics/mAP50-95(B)": 0.05764, "val/box_loss": 1.63531, "val/cls_loss": 2.96485, "val/dfl_loss": 3.39132, "labels": {"_type": "image-file", "sha256": "a53d04f66266d238ac45ba89533e3a173d1f2b8103ed8668847193f514913328", "size": 174696, "path": "media/images/labels_1_a53d04f66266d238ac45.jpg", "format": "jpg", "width": 1600, "height": 1600}, "train_batch0": {"_type": "image-file", "sha256": "3bc2a58816dd2da6f6116be81c8e3e6f59322c156bb82e7e78f8ece8d7725ae6", "size": 461654, "path": "media/images/train_batch0_1_3bc2a58816dd2da6f611.jpg", "format": "jpg", "width": 1920, "height": 1920}, "train_batch1": {"_type": "image-file", "sha256": "36380ee1916544d7d838f2f0621517540e214b27c0e6d600b1d530f9b11bbc74", "size": 206214, "path": "media/images/train_batch1_1_36380ee1916544d7d838.jpg", "format": "jpg", "width": 1920, "height": 1920}, "train_batch2": {"_type": "image-file", "sha256": "c46b4b478b11dba302e9bb04429d46d36557ec07598afcc9fcdefa1c789f9e7d", "size": 201911, "path": "media/images/train_batch2_1_c46b4b478b11dba302e9.jpg", "format": "jpg", "width": 1920, "height": 1920}, "model/parameters": 69494019, "model/GFLOPs": 263.975, "model/speed_PyTorch(ms)": 30.758, "_runtime": 374.3264217376709, "_step": 13, "_wandb": {"runtime": 374}}