{"train/box_loss": 1.80396, "train/cls_loss": 4.46134, "train/dfl_loss": 3.16681, "_timestamp": 1720009670.5993445, "lr/pg0": 0.0004977725, "lr/pg1": 0.0004977725, "lr/pg2": 0.0004977725, "metrics/precision(B)": 0.01692, "metrics/recall(B)": 0.13956, "metrics/mAP50(B)": 0.03171, "metrics/mAP50-95(B)": 0.0134, "val/box_loss": 1.60445, "val/cls_loss": 4.20634, "val/dfl_loss": 3.15467, "labels": {"_type": "image-file", "sha256": "a53d04f66266d238ac45ba89533e3a173d1f2b8103ed8668847193f514913328", "size": 174696, "path": "media/images/labels_1_a53d04f66266d238ac45.jpg", "format": "jpg", "width": 1600, "height": 1600}, "train_batch0": {"_type": "image-file", "sha256": "4f47e4af765fc62303d0c83208ba8991ef43098f5ad2e01be458a9127a7008d5", "size": 461735, "path": "media/images/train_batch0_1_4f47e4af765fc62303d0.jpg", "format": "jpg", "width": 1920, "height": 1920}, "train_batch1": {"_type": "image-file", "sha256": "36380ee1916544d7d838f2f0621517540e214b27c0e6d600b1d530f9b11bbc74", "size": 206214, "path": "media/images/train_batch1_1_36380ee1916544d7d838.jpg", "format": "jpg", "width": 1920, "height": 1920}, "train_batch2": {"_type": "image-file", "sha256": "c46b4b478b11dba302e9bb04429d46d36557ec07598afcc9fcdefa1c789f9e7d", "size": 201911, "path": "media/images/train_batch2_1_c46b4b478b11dba302e9.jpg", "format": "jpg", "width": 1920, "height": 1920}, "model/parameters": 69494019, "model/GFLOPs": 263.975, "model/speed_PyTorch(ms)": 59.881, "_runtime": 103.91602659225464, "_step": 10, "_wandb": {"runtime": 105}}