{"train/box_loss": 1.24402, "train/cls_loss": 1.87958, "train/dfl_loss": 2.42736, "_timestamp": 1715964669.298989, "lr/pg0": 0.00029705000000000004, "lr/pg1": 0.00029705000000000004, "lr/pg2": 0.00029705000000000004, "metrics/precision(B)": 0.52325, "metrics/recall(B)": 0.28309, "metrics/mAP50(B)": 0.32204, "metrics/mAP50-95(B)": 0.20229, "val/box_loss": 1.34074, "val/cls_loss": 1.71562, "val/dfl_loss": 2.5359, "labels": {"_type": "image-file", "sha256": "b94aa2bdf1c3d1821791fa76605919ec21184155dd175ae9e1f57d0edc8f52db", "size": 147264, "path": "media/images/labels_1_b94aa2bdf1c3d1821791.jpg", "format": "jpg", "width": 1600, "height": 1600}, "train_batch1": {"_type": "image-file", "sha256": "00b1b74524aa790ce1242b358bb94cf143cc9ddfc0af8826a03dbcf1a0ab511f", "size": 108606, "path": "media/images/train_batch1_1_00b1b74524aa790ce124.jpg", "format": "jpg", "width": 1280, "height": 1280}, "train_batch0": {"_type": "image-file", "sha256": "3d817b7c5941615508859e740ff47294cb9879916f76f8d91d94865a2c826bdc", "size": 150304, "path": "media/images/train_batch0_1_3d817b7c594161550885.jpg", "format": "jpg", "width": 1280, "height": 1280}, "train_batch2": {"_type": "image-file", "sha256": "d1322a08c27d18e307792d7a4ae138a718a5b58367c0bda33cf4aba6906089c9", "size": 121818, "path": "media/images/train_batch2_1_d1322a08c27d18e30779.jpg", "format": "jpg", "width": 1280, "height": 1280}, "model/parameters": 26426179, "model/GFLOPs": 81.261, "model/speed_PyTorch(ms)": 115.789, "_runtime": 325.7902810573578, "_step": 83, "_wandb": {"runtime": 327}}