{"train/box_loss": 0.72413, "train/cls_loss": 0.64318, "train/dfl_loss": 2.40284, "_timestamp": 1718716634.6809614, "lr/pg0": 0.0003329375, "lr/pg1": 0.0003329375, "lr/pg2": 0.0003329375, "metrics/precision(B)": 0.65987, "metrics/recall(B)": 0.55661, "metrics/mAP50(B)": 0.59288, "metrics/mAP50-95(B)": 0.30373, "val/box_loss": 1.77527, "val/cls_loss": 2.08953, "val/dfl_loss": 4.22493, "labels": {"_type": "image-file", "sha256": "1e15b564d8feff8e11d871ab418039f5976d5f9785bb3bb20ca0e0b54a3b77b2", "size": 171073, "path": "media/images/labels_1_1e15b564d8feff8e11d8.jpg", "format": "jpg", "width": 1600, "height": 1600}, "train_batch2": {"_type": "image-file", "sha256": "f5cc65bcb994702b085eb2afcd52f671948bf5a6c310f1616b7bae705e48d9e5", "size": 295493, "path": "media/images/train_batch2_1_f5cc65bcb994702b085e.jpg", "format": "jpg", "width": 1920, "height": 1920}, "train_batch1": {"_type": "image-file", "sha256": "6839e7184a46424cd453dc1f09fe0d4bf14589dd41eb14b4cae3f5ac52aa8ae5", "size": 200122, "path": "media/images/train_batch1_1_6839e7184a46424cd453.jpg", "format": "jpg", "width": 1920, "height": 1920}, "train_batch0": {"_type": "image-file", "sha256": "01d3b8c513240cf2ef9e55e614fe431283598af2f7c95be18e73604a46237666", "size": 353019, "path": "media/images/train_batch0_1_01d3b8c513240cf2ef9e.jpg", "format": "jpg", "width": 1920, "height": 1920}, "model/parameters": 69494019, "model/GFLOPs": 263.975, "model/speed_PyTorch(ms)": 74.571, "_runtime": 5238.195229291916, "_step": 677, "_wandb": {"runtime": 5240}}