{"train/box_loss": 0.6458, "train/cls_loss": 0.58997, "train/dfl_loss": 0.92584, "_timestamp": 1718825479.0406, "lr/pg0": 0.0002007725, "lr/pg1": 0.0002007725, "lr/pg2": 0.0002007725, "metrics/precision(B)": 0.70857, "metrics/recall(B)": 0.7574, "metrics/mAP50(B)": 0.75891, "metrics/mAP50-95(B)": 0.55792, "val/box_loss": 1.21868, "val/cls_loss": 1.00659, "val/dfl_loss": 1.13505, "labels": {"_type": "image-file", "sha256": "e62c1946ccea7ff0c2b919cbc26c7c3697588153ae6db98fcddef5c2eb516027", "size": 173500, "path": "media/images/labels_1_e62c1946ccea7ff0c2b9.jpg", "format": "jpg", "width": 1600, "height": 1600}, "train_batch0": {"_type": "image-file", "sha256": "2760b69e1b00b9d8439e6a31dd2db38f7a0cac52aabdffb8d96cbd33241a7f1d", "size": 386386, "path": "media/images/train_batch0_1_2760b69e1b00b9d8439e.jpg", "format": "jpg", "width": 1920, "height": 1920}, "train_batch1": {"_type": "image-file", "sha256": "f8a2db1963e0742eeb0b2be8139447976bd8078ba006944216152f2aeee7a566", "size": 148157, "path": "media/images/train_batch1_1_f8a2db1963e0742eeb0b.jpg", "format": "jpg", "width": 1920, "height": 1920}, "train_batch2": {"_type": "image-file", "sha256": "083ce47070872d5ff14d0b1fb08ac3ff6b36c9f214f016fcf2ecd2c90021369f", "size": 229105, "path": "media/images/train_batch2_1_083ce47070872d5ff14d.jpg", "format": "jpg", "width": 1920, "height": 1920}, "model/parameters": 2008528, "model/GFLOPs": 7.865, "model/speed_PyTorch(ms)": 78.27, "_runtime": 17386.398041963577, "_step": 1210, "_wandb": {"runtime": 17387}}