{"train/box_loss": 0.78917, "train/cls_loss": 0.75183, "train/dfl_loss": 2.1591, "_timestamp": 1720011718.2581675, "lr/pg0": 0.00026042, "lr/pg1": 0.00026042, "lr/pg2": 0.00026042, "metrics/precision(B)": 0.72616, "metrics/recall(B)": 0.60486, "metrics/mAP50(B)": 0.60648, "metrics/mAP50-95(B)": 0.46115, "val/box_loss": 0.95147, "val/cls_loss": 1.01853, "val/dfl_loss": 2.16356, "labels": {"_type": "image-file", "sha256": "a53d04f66266d238ac45ba89533e3a173d1f2b8103ed8668847193f514913328", "size": 174696, "path": "media/images/labels_1_a53d04f66266d238ac45.jpg", "format": "jpg", "width": 1600, "height": 1600}, "model/parameters": 69494019, "model/GFLOPs": 263.975, "model/speed_PyTorch(ms)": 33.029, "_runtime": 593.2269244194031, "_step": 122, "train_batch1": {"_type": "image-file", "sha256": "a521427bc1b3070ac51ddaf9c513d3ac2f7d74fe8ee10dad6d1af121f095ab95", "size": 371398, "path": "media/images/train_batch1_3_a521427bc1b3070ac51d.jpg", "format": "jpg", "width": 1920, "height": 1920}, "train_batch0": {"_type": "image-file", "sha256": "db3a114cbf807e53dcd9c0e3ee912820a046eef3c3df878dc1ecb9e942dbb466", "size": 568716, "path": "media/images/train_batch0_4_db3a114cbf807e53dcd9.jpg", "format": "jpg", "width": 1920, "height": 1920}, "train_batch2": {"_type": "image-file", "sha256": "0a94453aedbea46f0bc92136272c8631d6172c195c3b22d257f52e91d8806982", "size": 547047, "path": "media/images/train_batch2_4_0a94453aedbea46f0bc9.jpg", "format": "jpg", "width": 1920, "height": 1920}, "_wandb": {"runtime": 592}}