{"train/box_loss": 2.2575, "train/cls_loss": 16.08285, "train/dfl_loss": 1.90958, "_timestamp": 1720698017.2958558, "lr/pg0": 0.000492575, "lr/pg1": 0.000492575, "lr/pg2": 0.000492575, "metrics/precision(B)": 0.3614, "metrics/recall(B)": 0.0264, "metrics/mAP50(B)": 0.01854, "metrics/mAP50-95(B)": 0.00697, "val/box_loss": 2.11475, "val/cls_loss": 13.25135, "val/dfl_loss": 1.75174, "labels": {"_type": "image-file", "sha256": "a53d04f66266d238ac45ba89533e3a173d1f2b8103ed8668847193f514913328", "size": 174696, "path": "media/images/labels_1_a53d04f66266d238ac45.jpg", "format": "jpg", "width": 1600, "height": 1600}, "train_batch0": {"_type": "image-file", "sha256": "713ce9c9a1a3903f57f78a3b1d6a10c67c39a1ceb7a23156c4f158ee490d5711", "size": 342731, "path": "media/images/train_batch0_1_713ce9c9a1a3903f57f7.jpg", "format": "jpg", "width": 1600, "height": 1600}, "train_batch1": {"_type": "image-file", "sha256": "05945ddc62304b4271ace9320ac7d8e4e98861c1be978d57d288693053e3e4a2", "size": 156055, "path": "media/images/train_batch1_1_05945ddc62304b4271ac.jpg", "format": "jpg", "width": 1600, "height": 1600}, "train_batch2": {"_type": "image-file", "sha256": "8bfa87d3885e39be5640f831a91b76b6c6cd799c333be0d023b9e14e18fd68a2", "size": 151576, "path": "media/images/train_batch2_1_8bfa87d3885e39be5640.jpg", "format": "jpg", "width": 1600, "height": 1600}, "model/parameters": 58157248, "model/GFLOPs": 192.74, "model/speed_PyTorch(ms)": 66.092, "_runtime": 328.1688358783722, "_step": 31, "_wandb": {"runtime": 330}}