{"dataset": "/workspace/datasets/synth/synth_v3_1", "_timestamp": 1718971869.1662972, "_runtime": 8.691121101379395, "_step": 0, "_wandb": {"runtime": 35}}