{"train/box_loss": 0.97465, "train/cls_loss": 0.64424, "train/dfl_loss": 1.69799, "_timestamp": 1720722218.2485464, "lr/pg0": 0.000317345, "lr/pg1": 0.000317345, "lr/pg2": 0.000317345, "metrics/precision(B)": 0.79558, "metrics/recall(B)": 0.55109, "metrics/mAP50(B)": 0.61869, "metrics/mAP50-95(B)": 0.45547, "val/box_loss": 2.40226, "val/cls_loss": 1.99482, "val/dfl_loss": 2.68019, "labels": {"_type": "image-file", "sha256": "a53d04f66266d238ac45ba89533e3a173d1f2b8103ed8668847193f514913328", "size": 174696, "path": "media/images/labels_1_a53d04f66266d238ac45.jpg", "format": "jpg", "width": 1600, "height": 1600}, "train_batch0": {"_type": "image-file", "sha256": "8ab7af47998fe7bf4ec88990de2fa6ae0e8181a5eae9c7efabeddf65be1f15e9", "size": 461897, "path": "media/images/train_batch0_1_8ab7af47998fe7bf4ec8.jpg", "format": "jpg", "width": 1920, "height": 1920}, "train_batch1": {"_type": "image-file", "sha256": "5446116272272b54af25904129c859165a5fcbd42463fbacea876a4e337d7dcc", "size": 207952, "path": "media/images/train_batch1_1_5446116272272b54af25.jpg", "format": "jpg", "width": 1920, "height": 1920}, "train_batch2": {"_type": "image-file", "sha256": "a954d5b5bbe0133741ccd57474bf92fcf4b9a4ed6c69892da0caeedee7fa801e", "size": 204927, "path": "media/images/train_batch2_1_a954d5b5bbe0133741cc.jpg", "format": "jpg", "width": 1920, "height": 1920}, "model/parameters": 31685696, "model/GFLOPs": 171.158, "model/speed_PyTorch(ms)": 31.506, "_runtime": 5572.627798318863, "_step": 739, "_wandb": {"runtime": 5574}}