{"train/box_loss": 0.94233, "train/cls_loss": 1.03679, "train/dfl_loss": 2.53969, "_timestamp": 1720617767.366136, "lr/pg0": 0.0004759925, "lr/pg1": 0.0004759925, "lr/pg2": 0.0004759925, "metrics/precision(B)": 0.65044, "metrics/recall(B)": 0.57505, "metrics/mAP50(B)": 0.64862, "metrics/mAP50-95(B)": 0.44427, "val/box_loss": 0.97625, "val/cls_loss": 0.97896, "val/dfl_loss": 2.60576, "labels": {"_type": "image-file", "sha256": "a53d04f66266d238ac45ba89533e3a173d1f2b8103ed8668847193f514913328", "size": 174696, "path": "media/images/labels_1_a53d04f66266d238ac45.jpg", "format": "jpg", "width": 1600, "height": 1600}, "train_batch0": {"_type": "image-file", "sha256": "1d2d62ae93187a4d682c7e2091fd0180a22b7bb4481da96a6e6d989ae463f464", "size": 375808, "path": "media/images/train_batch0_1_1d2d62ae93187a4d682c.jpg", "format": "jpg", "width": 1920, "height": 1920}, "train_batch1": {"_type": "image-file", "sha256": "360915b0aae80f3061c20d151fc6ac53b739a88957fa30e9bdf949ace13e2643", "size": 269403, "path": "media/images/train_batch1_1_360915b0aae80f3061c2.jpg", "format": "jpg", "width": 1920, "height": 1920}, "train_batch2": {"_type": "image-file", "sha256": "9776423969cd5dd495332ebcb17b0d6fd7b5f60b3b11c2d2937d2f675858c347", "size": 283178, "path": "media/images/train_batch2_1_9776423969cd5dd49533.jpg", "format": "jpg", "width": 1920, "height": 1920}, "model/parameters": 69494019, "model/GFLOPs": 263.975, "model/speed_PyTorch(ms)": 54.801, "_runtime": 562.8782451152802, "_step": 98, "_wandb": {"runtime": 564}}