{"train/box_loss": 1.86179, "train/cls_loss": 4.77181, "train/dfl_loss": 3.11491, "_timestamp": 1720213586.9191937, "lr/pg0": 0.0004977725, "lr/pg1": 0.0004977725, "lr/pg2": 0.0004977725, "metrics/precision(B)": 0.01974, "metrics/recall(B)": 0.18349, "metrics/mAP50(B)": 0.0421, "metrics/mAP50-95(B)": 0.01067, "val/box_loss": 1.74122, "val/cls_loss": 5.08423, "val/dfl_loss": 3.15892, "labels": {"_type": "image-file", "sha256": "a53d04f66266d238ac45ba89533e3a173d1f2b8103ed8668847193f514913328", "size": 174696, "path": "media/images/labels_1_a53d04f66266d238ac45.jpg", "format": "jpg", "width": 1600, "height": 1600}, "train_batch0": {"_type": "image-file", "sha256": "a30ebcd15b93b29f36922718a3d4ddb10e731a7609a9ca3fd36d6ab31a15ee09", "size": 445141, "path": "media/images/train_batch0_1_a30ebcd15b93b29f3692.jpg", "format": "jpg", "width": 1920, "height": 1920}, "train_batch1": {"_type": "image-file", "sha256": "79ed509a592a7ea696847fa5a22fc7307f5012bc004247461aee681432557c91", "size": 193920, "path": "media/images/train_batch1_1_79ed509a592a7ea69684.jpg", "format": "jpg", "width": 1920, "height": 1920}, "train_batch2": {"_type": "image-file", "sha256": "10717040a5a51d94acc6c63a7ac49c30866a3ee90736bfe97c3883796fff604e", "size": 189102, "path": "media/images/train_batch2_1_10717040a5a51d94acc6.jpg", "format": "jpg", "width": 1920, "height": 1920}, "model/parameters": 69494019, "model/GFLOPs": 263.975, "model/speed_PyTorch(ms)": 30.524, "_runtime": 208.4415876865387, "_step": 10, "_wandb": {"runtime": 208}}