{"dataset": "/workspace/datasets/synth/synth_v3_1", "_timestamp": 1718972179.7425826, "_runtime": 8.529882669448853, "_step": 0, "_wandb": {"runtime": 40}}