{"train/box_loss": 1.36017, "train/cls_loss": 2.39292, "train/dfl_loss": 2.81138, "_timestamp": 1720892531.686473, "lr/pg0": 0.0004952975, "lr/pg1": 0.0004952975, "lr/pg2": 0.0004952975, "metrics/precision(B)": 0.58957, "metrics/recall(B)": 0.22384, "metrics/mAP50(B)": 0.21217, "metrics/mAP50-95(B)": 0.13251, "val/box_loss": 1.30606, "val/cls_loss": 2.15392, "val/dfl_loss": 2.75979, "labels": {"_type": "image-file", "sha256": "a53d04f66266d238ac45ba89533e3a173d1f2b8103ed8668847193f514913328", "size": 174696, "path": "media/images/labels_1_a53d04f66266d238ac45.jpg", "format": "jpg", "width": 1600, "height": 1600}, "train_batch0": {"_type": "image-file", "sha256": "57d74c12e379e81e57e0d0587e9f3519f7fb9a47b06b93fe96aa2106740082e2", "size": 396506, "path": "media/images/train_batch0_1_57d74c12e379e81e57e0.jpg", "format": "jpg", "width": 1920, "height": 1920}, "train_batch1": {"_type": "image-file", "sha256": "0e86dfd07de3804b5f0dc2c222b907d2ab4f49e151e129bd51250fc1d5621f5f", "size": 278125, "path": "media/images/train_batch1_1_0e86dfd07de3804b5f0d.jpg", "format": "jpg", "width": 1920, "height": 1920}, "train_batch2": {"_type": "image-file", "sha256": "419f11ae6e285686e696cd0e4097c1762fef392b047c0d464aff67af81a5ba72", "size": 272961, "path": "media/images/train_batch2_1_419f11ae6e285686e696.jpg", "format": "jpg", "width": 1920, "height": 1920}, "model/parameters": 69494019, "model/GFLOPs": 263.975, "model/speed_PyTorch(ms)": 37.093, "_runtime": 300.8175399303436, "_step": 20, "_wandb": {"runtime": 300}}