{"train/box_loss": 0.60548, "train/cls_loss": 0.52714, "train/dfl_loss": 2.23583, "_timestamp": 1718383529.0003226, "lr/pg0": 0.00043391750000000003, "lr/pg1": 0.00043391750000000003, "lr/pg2": 0.00043391750000000003, "metrics/precision(B)": 0.73887, "metrics/recall(B)": 0.55517, "metrics/mAP50(B)": 0.60068, "metrics/mAP50-95(B)": 0.44549, "val/box_loss": 1.13655, "val/cls_loss": 1.52854, "val/dfl_loss": 3.32785, "labels": {"_type": "image-file", "sha256": "aa8cd34cdc29f90df5867f39b28a53091737ff222f061e7c8a9440f5e51c5469", "size": 176174, "path": "media/images/labels_1_aa8cd34cdc29f90df586.jpg", "format": "jpg", "width": 1600, "height": 1600}, "train_batch1": {"_type": "image-file", "sha256": "1950a7f4257b544dd4a6580857e59d5eaa5c42c75bdecd70b70aa94bca8ea0e9", "size": 283644, "path": "media/images/train_batch1_1_1950a7f4257b544dd4a6.jpg", "format": "jpg", "width": 1920, "height": 1920}, "train_batch2": {"_type": "image-file", "sha256": "c337a068833a35801d17256d6a14aef717f220108fe6cb0ad2647550209d276d", "size": 171971, "path": "media/images/train_batch2_1_c337a068833a35801d17.jpg", "format": "jpg", "width": 1920, "height": 1920}, "train_batch0": {"_type": "image-file", "sha256": "83c5ac006cda6ad2398b28787bb85d60b6d19b8766198551b3753d5a89feda89", "size": 387971, "path": "media/images/train_batch0_1_83c5ac006cda6ad2398b.jpg", "format": "jpg", "width": 1920, "height": 1920}, "model/parameters": 69494019, "model/GFLOPs": 263.975, "model/speed_PyTorch(ms)": 89.619, "_runtime": 1870.4276995658875, "_step": 268, "_wandb": {"runtime": 1873}}