{"dataset": "/workspace/datasets/synth/synth_v3_1", "_timestamp": 1718969768.791293, "_runtime": 10.616053819656372, "_step": 0, "_wandb": {"runtime": 15}}