{"train/box_loss": 1.90812, "train/cls_loss": 4.11868, "train/dfl_loss": 3.35967, "_timestamp": 1720214196.2734895, "lr/pg0": 0.0004982675, "lr/pg1": 0.0004982675, "lr/pg2": 0.0004982675, "metrics/precision(B)": 0.78124, "metrics/recall(B)": 0.0529, "metrics/mAP50(B)": 0.06647, "metrics/mAP50-95(B)": 0.03101, "val/box_loss": 1.59741, "val/cls_loss": 5.60127, "val/dfl_loss": 3.21156, "labels": {"_type": "image-file", "sha256": "a53d04f66266d238ac45ba89533e3a173d1f2b8103ed8668847193f514913328", "size": 174696, "path": "media/images/labels_1_a53d04f66266d238ac45.jpg", "format": "jpg", "width": 1600, "height": 1600}, "train_batch0": {"_type": "image-file", "sha256": "637b2efeee503bbc7991e814088f5601e85fd7ad88fb5e4d94ac27050b0e5203", "size": 396308, "path": "media/images/train_batch0_1_637b2efeee503bbc7991.jpg", "format": "jpg", "width": 1920, "height": 1920}, "train_batch1": {"_type": "image-file", "sha256": "e639085414a95458c0160f9eeeda6130b96759cb7b6804dff19eae7b378fcd53", "size": 218940, "path": "media/images/train_batch1_1_e639085414a95458c016.jpg", "format": "jpg", "width": 1920, "height": 1920}, "train_batch2": {"_type": "image-file", "sha256": "6b98551234a037cd59520fcac17465c6de8bca9e1222c8367b36c50fa514f8b9", "size": 205166, "path": "media/images/train_batch2_1_6b98551234a037cd5952.jpg", "format": "jpg", "width": 1920, "height": 1920}, "model/parameters": 69494019, "model/GFLOPs": 263.975, "model/speed_PyTorch(ms)": 30.724, "_runtime": 205.18388748168945, "_step": 8, "_wandb": {"runtime": 204}}