{"train/box_loss": 2.13368, "train/cls_loss": 2.35987, "train/dfl_loss": 2.05723, "_timestamp": 1718725430.782344, "lr/pg0": 0.0004938125, "lr/pg1": 0.0004938125, "lr/pg2": 0.0004938125, "metrics/precision(B)": 0.38222, "metrics/recall(B)": 0.13843, "metrics/mAP50(B)": 0.18502, "metrics/mAP50-95(B)": 0.09399, "val/box_loss": 2.24157, "val/cls_loss": 2.27448, "val/dfl_loss": 2.24844, "labels": {"_type": "image-file", "sha256": "6d8b8283b0a67a384a01b145654f1345fae6013639e3bf3dffeeeeba189be6ba", "size": 173977, "path": "media/images/labels_1_6d8b8283b0a67a384a01.jpg", "format": "jpg", "width": 1600, "height": 1600}, "train_batch0": {"_type": "image-file", "sha256": "6692af043d3285a00470f9bf5f8771baa15a824d9d0ffcbcb5d0dc8a09c4c4e4", "size": 17975, "path": "media/images/train_batch0_1_6692af043d3285a00470.jpg", "format": "jpg", "width": 320, "height": 320}, "train_batch1": {"_type": "image-file", "sha256": "ae303f72cb2d60d6b4ea8a8549787591bcb82e6142d9cfa0e50178fa70db4b50", "size": 8758, "path": "media/images/train_batch1_1_ae303f72cb2d60d6b4ea.jpg", "format": "jpg", "width": 320, "height": 320}, "train_batch2": {"_type": "image-file", "sha256": "6480021dc91c4e1371087187d47e4189ed380d0c13215ecf24bdd7e8fb4c11e0", "size": 8067, "path": "media/images/train_batch2_1_6480021dc91c4e137108.jpg", "format": "jpg", "width": 320, "height": 320}, "model/parameters": 69494019, "model/GFLOPs": 263.975, "model/speed_PyTorch(ms)": 70.542, "_runtime": 130.69462418556213, "_step": 26, "_wandb": {"runtime": 131}}