{"train/box_loss": 1.97052, "train/cls_loss": 4.74078, "train/dfl_loss": 3.21014, "_timestamp": 1720246307.3969991, "lr/pg0": 0.0004982675, "lr/pg1": 0.0004982675, "lr/pg2": 0.0004982675, "metrics/precision(B)": 0.0709, "metrics/recall(B)": 0.14473, "metrics/mAP50(B)": 0.07128, "metrics/mAP50-95(B)": 0.03381, "val/box_loss": 1.84994, "val/cls_loss": 8.09439, "val/dfl_loss": 3.27194, "labels": {"_type": "image-file", "sha256": "a53d04f66266d238ac45ba89533e3a173d1f2b8103ed8668847193f514913328", "size": 174696, "path": "media/images/labels_1_a53d04f66266d238ac45.jpg", "format": "jpg", "width": 1600, "height": 1600}, "train_batch0": {"_type": "image-file", "sha256": "74f6c95ba3ca48d8250e1d874817e538b55fe051cb7415b6aaad6cffc799fa6c", "size": 229827, "path": "media/images/train_batch0_1_74f6c95ba3ca48d8250e.jpg", "format": "jpg", "width": 1920, "height": 1920}, "train_batch1": {"_type": "image-file", "sha256": "dec8c58403322c28504e2c0fe4d004799463b15bc077c7c70034a0f3dd3042c6", "size": 210426, "path": "media/images/train_batch1_1_dec8c58403322c28504e.jpg", "format": "jpg", "width": 1920, "height": 1920}, "train_batch2": {"_type": "image-file", "sha256": "f51f72ec79793698dd2fc3233982a5b15c705c959cb72a5b5a40db5cc34f9b52", "size": 214820, "path": "media/images/train_batch2_1_f51f72ec79793698dd2f.jpg", "format": "jpg", "width": 1920, "height": 1920}, "model/parameters": 69494019, "model/GFLOPs": 263.975, "model/speed_PyTorch(ms)": 49.396, "_runtime": 227.83151412010193, "_step": 8, "_wandb": {"runtime": 228}}