{"train/box_loss": 1.84738, "train/cls_loss": 2.69153, "train/dfl_loss": 1.78101, "_timestamp": 1720437805.4719403, "lr/pg0": 0.00047698250000000004, "lr/pg1": 0.00047698250000000004, "lr/pg2": 0.00047698250000000004, "metrics/precision(B)": 0.29609, "metrics/recall(B)": 0.18221, "metrics/mAP50(B)": 0.12035, "metrics/mAP50-95(B)": 0.06892, "val/box_loss": 1.66016, "val/cls_loss": 2.17475, "val/dfl_loss": 1.66876, "labels": {"_type": "image-file", "sha256": "a53d04f66266d238ac45ba89533e3a173d1f2b8103ed8668847193f514913328", "size": 174696, "path": "media/images/labels_1_a53d04f66266d238ac45.jpg", "format": "jpg", "width": 1600, "height": 1600}, "train_batch0": {"_type": "image-file", "sha256": "e155960363df0de6cb73a4b344547845bfd6e6a3060c5719b9ab792b347940f0", "size": 461982, "path": "media/images/train_batch0_1_e155960363df0de6cb73.jpg", "format": "jpg", "width": 1920, "height": 1920}, "train_batch1": {"_type": "image-file", "sha256": "5446116272272b54af25904129c859165a5fcbd42463fbacea876a4e337d7dcc", "size": 207952, "path": "media/images/train_batch1_1_5446116272272b54af25.jpg", "format": "jpg", "width": 1920, "height": 1920}, "train_batch2": {"_type": "image-file", "sha256": "a954d5b5bbe0133741ccd57474bf92fcf4b9a4ed6c69892da0caeedee7fa801e", "size": 204927, "path": "media/images/train_batch2_1_a954d5b5bbe0133741cc.jpg", "format": "jpg", "width": 1920, "height": 1920}, "model/parameters": 58157248, "model/GFLOPs": 192.74, "model/speed_PyTorch(ms)": 89.304, "_runtime": 988.1316933631897, "_step": 94, "_wandb": {"runtime": 994}}