{"train/box_loss": 1.72145, "train/cls_loss": 3.53456, "train/dfl_loss": 3.13542, "_timestamp": 1720247081.0707538, "lr/pg0": 0.00049703, "lr/pg1": 0.00049703, "lr/pg2": 0.00049703, "metrics/precision(B)": 0.47427, "metrics/recall(B)": 0.06941, "metrics/mAP50(B)": 0.10517, "metrics/mAP50-95(B)": 0.05721, "val/box_loss": 1.53788, "val/cls_loss": 2.99825, "val/dfl_loss": 3.16729, "labels": {"_type": "image-file", "sha256": "a53d04f66266d238ac45ba89533e3a173d1f2b8103ed8668847193f514913328", "size": 174696, "path": "media/images/labels_1_a53d04f66266d238ac45.jpg", "format": "jpg", "width": 1600, "height": 1600}, "train_batch0": {"_type": "image-file", "sha256": "13a6c456182b56d8a3e8a5f55c8b50e6c38ed18f00dba751c8557cf80b4c9f3e", "size": 461626, "path": "media/images/train_batch0_1_13a6c456182b56d8a3e8.jpg", "format": "jpg", "width": 1920, "height": 1920}, "train_batch1": {"_type": "image-file", "sha256": "36380ee1916544d7d838f2f0621517540e214b27c0e6d600b1d530f9b11bbc74", "size": 206214, "path": "media/images/train_batch1_1_36380ee1916544d7d838.jpg", "format": "jpg", "width": 1920, "height": 1920}, "train_batch2": {"_type": "image-file", "sha256": "cf0851f1ab96cd8a2af671c439479eb07f0f6f4534f5b2a992319b08bda2b09c", "size": 201421, "path": "media/images/train_batch2_1_cf0851f1ab96cd8a2af6.jpg", "format": "jpg", "width": 1920, "height": 1920}, "model/parameters": 69494019, "model/GFLOPs": 263.975, "model/speed_PyTorch(ms)": 49.253, "_runtime": 293.605685710907, "_step": 13, "_wandb": {"runtime": 294}}