{"train/box_loss": 0.79485, "train/cls_loss": 0.68345, "train/dfl_loss": 2.07718, "_timestamp": 1720013158.1015933, "lr/pg0": 0.00022873999999999998, "lr/pg1": 0.00022873999999999998, "lr/pg2": 0.00022873999999999998, "metrics/precision(B)": 0.80724, "metrics/recall(B)": 0.57137, "metrics/mAP50(B)": 0.62536, "metrics/mAP50-95(B)": 0.45803, "val/box_loss": 0.97433, "val/cls_loss": 0.91647, "val/dfl_loss": 2.21069, "labels": {"_type": "image-file", "sha256": "a53d04f66266d238ac45ba89533e3a173d1f2b8103ed8668847193f514913328", "size": 174696, "path": "media/images/labels_1_a53d04f66266d238ac45.jpg", "format": "jpg", "width": 1600, "height": 1600}, "model/parameters": 69494019, "model/GFLOPs": 263.975, "model/speed_PyTorch(ms)": 10.075, "_runtime": 681.1858861446381, "_step": 138, "train_batch1": {"_type": "image-file", "sha256": "0c2b2afec20b354879d20c729928be46958015de4233ba4ed288f4fecf5423a5", "size": 380033, "path": "media/images/train_batch1_3_0c2b2afec20b354879d2.jpg", "format": "jpg", "width": 1920, "height": 1920}, "train_batch0": {"_type": "image-file", "sha256": "32492234513a94b27e4e360a3b5d55ca182970e18bb0a4c2de35c58a74fe8c21", "size": 581452, "path": "media/images/train_batch0_4_32492234513a94b27e4e.jpg", "format": "jpg", "width": 1920, "height": 1920}, "train_batch2": {"_type": "image-file", "sha256": "18ef2b50abe8721176c1cf742cc31fa12497444999bc7cfd365babe7fbb30355", "size": 555561, "path": "media/images/train_batch2_5_18ef2b50abe8721176c1.jpg", "format": "jpg", "width": 1920, "height": 1920}, "_wandb": {"runtime": 681}}