{"_wandb": {"runtime": 52748}, "train/box_loss": 0.61611, "train/cls_loss": 0.76204, "train/dfl_loss": 2.0913, "_timestamp": 1718424071.8449748, "lr/pg0": 0.0033333, "lr/pg1": 0.0033333, "lr/pg2": 0.0033333, "metrics/precision(B)": 0.63411, "metrics/recall(B)": 0.4081, "metrics/mAP50(B)": 0.47692, "metrics/mAP50-95(B)": 0.31765, "val/box_loss": 1.15195, "val/cls_loss": 1.80029, "val/dfl_loss": 2.54489, "labels": {"_type": "image-file", "sha256": "04a89814faa33283e2c1c3ebc69e4b8c15d7f22a421a1d3dfbedce1ff7ab734d", "size": 143526, "path": "media/images/labels_1_04a89814faa33283e2c1.jpg", "format": "jpg", "width": 1600, "height": 1600}, "train_batch1": {"_type": "image-file", "sha256": "198d8310d9b26454a2f353403db5176274e1ac0171ff011485b606150b90bbe0", "size": 161982, "path": "media/images/train_batch1_1_198d8310d9b26454a2f3.jpg", "format": "jpg", "width": 1920, "height": 1920}, "train_batch2": {"_type": "image-file", "sha256": "358dd578e73b5b39c093060f13b75510e064e58e5a2f2d1eb07c2abb8e3f1a3d", "size": 160515, "path": "media/images/train_batch2_1_358dd578e73b5b39c093.jpg", "format": "jpg", "width": 1920, "height": 1920}, "train_batch0": {"_type": "image-file", "sha256": "8ce804509ff7fa0e1375ff938bb5e57301cc45e964a5360ad3cac093797428d6", "size": 290306, "path": "media/images/train_batch0_1_8ce804509ff7fa0e1375.jpg", "format": "jpg", "width": 1920, "height": 1920}, "model/parameters": 69494019, "model/GFLOPs": 263.975, "model/speed_PyTorch(ms)": 80.058, "_runtime": 37938.58538079262, "_step": 1}