{"_wandb": {"runtime": 147}, "train/box_loss": 2.76012, "train/cls_loss": 4.76572, "train/dfl_loss": 3.33601, "_timestamp": 1720014062.6244287, "lr/pg0": 5e-06, "lr/pg1": 5e-06, "lr/pg2": 5e-06, "metrics/precision(B)": 0.00028, "metrics/recall(B)": 0.02083, "metrics/mAP50(B)": 0.00028, "metrics/mAP50-95(B)": 8e-05, "val/box_loss": 2.98465, "val/cls_loss": 4.65724, "val/dfl_loss": 3.47816, "labels": {"_type": "image-file", "sha256": "a53d04f66266d238ac45ba89533e3a173d1f2b8103ed8668847193f514913328", "size": 174696, "path": "media/images/labels_1_a53d04f66266d238ac45.jpg", "format": "jpg", "width": 1600, "height": 1600}, "model/parameters": 69494019, "model/GFLOPs": 263.975, "model/speed_PyTorch(ms)": 34.925, "_runtime": 146.86936283111572, "_step": 1}