{"dataset": "/workspace/datasets/synth/synth_v3_200_10", "_timestamp": 1721136840.950742, "_runtime": 7.194689035415649, "_step": 0, "_wandb": {"runtime": 21}}