{"dataset": "/workspace/datasets/synth/synth_v3_50000_8", "_timestamp": 1719565497.9404685, "_runtime": 8.381914615631104, "_step": 0, "_wandb": {"runtime": 14}}