{"train/box_loss": 0.52362, "train/cls_loss": 0.40294, "train/dfl_loss": 1.89615, "_timestamp": 1717597509.552211, "lr/pg0": 0.00993565, "lr/pg1": 0.00993565, "lr/pg2": 0.00993565, "metrics/precision(B)": 0.4786, "metrics/recall(B)": 0.31375, "metrics/mAP50(B)": 0.34353, "metrics/mAP50-95(B)": 0.21398, "val/box_loss": 1.23331, "val/cls_loss": 2.07063, "val/dfl_loss": 2.57367, "labels": {"_type": "image-file", "sha256": "03f8121727989e1b21c0ba2247006045e2bfa00fb30698984147d3d1586ff5b7", "size": 150642, "path": "media/images/labels_1_03f8121727989e1b21c0.jpg", "format": "jpg", "width": 1600, "height": 1600}, "train_batch1": {"_type": "image-file", "sha256": "e7e4e8036c692318818907f71a85835b7aa9acff2862a6db5330a6893f839018", "size": 201630, "path": "media/images/train_batch1_1_e7e4e8036c6923188189.jpg", "format": "jpg", "width": 1920, "height": 1920}, "train_batch2": {"_type": "image-file", "sha256": "88056001640b131f0dbd8f206776a10f5d01a3c31a7f6df80935567729d945b3", "size": 253468, "path": "media/images/train_batch2_1_88056001640b131f0dbd.jpg", "format": "jpg", "width": 1920, "height": 1920}, "train_batch0": {"_type": "image-file", "sha256": "80b670bcc947c9aa6ae3fe396d3e7b5442ae5cc7c7305810f2f5991dae450d1a", "size": 256383, "path": "media/images/train_batch0_1_80b670bcc947c9aa6ae3.jpg", "format": "jpg", "width": 1920, "height": 1920}, "model/parameters": 69494019, "model/GFLOPs": 263.975, "model/speed_PyTorch(ms)": 45.402, "_runtime": 10511.970623970032, "_step": 14, "_wandb": {"runtime": 10741}}