{"train/box_loss": 2.08447, "train/cls_loss": 4.38299, "train/dfl_loss": 3.11903, "_timestamp": 1720246070.7815177, "lr/pg0": 0.0004977725, "lr/pg1": 0.0004977725, "lr/pg2": 0.0004977725, "metrics/precision(B)": 0.09184, "metrics/recall(B)": 0.09674, "metrics/mAP50(B)": 0.05787, "metrics/mAP50-95(B)": 0.04123, "val/box_loss": 1.98914, "val/cls_loss": 4.71606, "val/dfl_loss": 3.31227, "labels": {"_type": "image-file", "sha256": "a53d04f66266d238ac45ba89533e3a173d1f2b8103ed8668847193f514913328", "size": 174696, "path": "media/images/labels_1_a53d04f66266d238ac45.jpg", "format": "jpg", "width": 1600, "height": 1600}, "train_batch0": {"_type": "image-file", "sha256": "7bdc5cb40fb79fc9f32943d078a0d28fe8a2dc145f60ae2386848a7cb57c5a81", "size": 292990, "path": "media/images/train_batch0_1_7bdc5cb40fb79fc9f329.jpg", "format": "jpg", "width": 1920, "height": 1920}, "train_batch1": {"_type": "image-file", "sha256": "1052c89f070b7348f3823e1af9aff4f8c7b89dce5e303195427f0080530f9d3b", "size": 210140, "path": "media/images/train_batch1_1_1052c89f070b7348f382.jpg", "format": "jpg", "width": 1920, "height": 1920}, "train_batch2": {"_type": "image-file", "sha256": "5498f36b920588546538268753d0e02864feee9b57854d47a972bcdfb66165bf", "size": 215240, "path": "media/images/train_batch2_1_5498f36b920588546538.jpg", "format": "jpg", "width": 1920, "height": 1920}, "model/parameters": 69494019, "model/GFLOPs": 263.975, "model/speed_PyTorch(ms)": 49.422, "_runtime": 252.0676486492157, "_step": 10, "_wandb": {"runtime": 253}}