{"train/box_loss": 1.92932, "train/cls_loss": 4.37296, "train/dfl_loss": 3.20725, "_timestamp": 1720213782.7608511, "lr/pg0": 0.00049901, "lr/pg1": 0.00049901, "lr/pg2": 0.00049901, "metrics/precision(B)": 0.01631, "metrics/recall(B)": 0.11251, "metrics/mAP50(B)": 0.0333, "metrics/mAP50-95(B)": 0.01502, "val/box_loss": 1.69447, "val/cls_loss": 4.17761, "val/dfl_loss": 3.31553, "labels": {"_type": "image-file", "sha256": "a53d04f66266d238ac45ba89533e3a173d1f2b8103ed8668847193f514913328", "size": 174696, "path": "media/images/labels_1_a53d04f66266d238ac45.jpg", "format": "jpg", "width": 1600, "height": 1600}, "train_batch0": {"_type": "image-file", "sha256": "3f082c1cc4c37c557171b87956fb4137c00d4ea48ae5e44c275c63938794d0c3", "size": 426612, "path": "media/images/train_batch0_1_3f082c1cc4c37c557171.jpg", "format": "jpg", "width": 1920, "height": 1920}, "train_batch1": {"_type": "image-file", "sha256": "535623a11c70892d6b3c1694f00e6b2dd089450b834604513917a4543eedb297", "size": 178808, "path": "media/images/train_batch1_1_535623a11c70892d6b3c.jpg", "format": "jpg", "width": 1920, "height": 1920}, "train_batch2": {"_type": "image-file", "sha256": "9e58dac313cda43bb3390d1f4a59149741dabdd21b0d1c59a92690fc5f4f1b05", "size": 173569, "path": "media/images/train_batch2_1_9e58dac313cda43bb339.jpg", "format": "jpg", "width": 1920, "height": 1920}, "model/parameters": 69494019, "model/GFLOPs": 263.975, "model/speed_PyTorch(ms)": 30.507, "_runtime": 188.53367805480957, "_step": 5, "_wandb": {"runtime": 187}}