{"train/box_om": 1.05801, "train/cls_om": 1.19374, "train/dfl_om": 1.095, "train/box_oo": 1.11845, "train/cls_oo": 2.03997, "train/dfl_oo": 1.08843, "_timestamp": 1718886011.3551419, "lr/pg0": 0.0003527375, "lr/pg1": 0.0003527375, "lr/pg2": 0.0003527375, "metrics/precision(B)": 0.35671, "metrics/recall(B)": 0.37318, "metrics/mAP50(B)": 0.39439, "metrics/mAP50-95(B)": 0.25032, "val/box_om": 1.38995, "val/cls_om": 1.47249, "val/dfl_om": 1.30783, "val/box_oo": 1.33037, "val/cls_oo": 2.21821, "val/dfl_oo": 1.25468, "labels": {"_type": "image-file", "sha256": "f46c394669e2d60e152defea7d75c9eb59a87ba8db50d2b1f95f53f412e8df1e", "size": 177335, "path": "media/images/labels_1_f46c394669e2d60e152d.jpg", "format": "jpg", "width": 1600, "height": 1600}, "train_batch1": {"_type": "image-file", "sha256": "7dabb7e14864ecb69bfddfb555aa69f644553c58e00dffa3d4228400fbc06518", "size": 216085, "path": "media/images/train_batch1_1_7dabb7e14864ecb69bfd.jpg", "format": "jpg", "width": 1920, "height": 1920}, "train_batch2": {"_type": "image-file", "sha256": "45eaf01c408efc2f73004e1a7c53d978a33a14c77c390c04313fe54ad5f382f7", "size": 207144, "path": "media/images/train_batch2_1_45eaf01c408efc2f7300.jpg", "format": "jpg", "width": 1920, "height": 1920}, "train_batch0": {"_type": "image-file", "sha256": "20fdc49c69826625fc49c15dd0e922a50f1d227d557bb4e3c2ad72ef89d09321", "size": 470058, "path": "media/images/train_batch0_1_20fdc49c69826625fc49.jpg", "format": "jpg", "width": 1920, "height": 1920}, "model/parameters": 2713280, "model/GFLOPs": 8.426, "model/speed_PyTorch(ms)": 17.26, "_runtime": 2623.328561782837, "_step": 597}