{"train/box_loss": 2.66874, "train/cls_loss": 8.44318, "train/dfl_loss": 3.58552, "_timestamp": 1720215078.0546072, "lr/pg0": 0.0004992575000000001, "lr/pg1": 0.0004992575000000001, "lr/pg2": 0.0004992575000000001, "metrics/precision(B)": 0.00486, "metrics/recall(B)": 0.02254, "metrics/mAP50(B)": 0.00405, "metrics/mAP50-95(B)": 0.00253, "val/box_loss": 2.75289, "val/cls_loss": 4.42952, "val/dfl_loss": 3.88925, "labels": {"_type": "image-file", "sha256": "a53d04f66266d238ac45ba89533e3a173d1f2b8103ed8668847193f514913328", "size": 174696, "path": "media/images/labels_1_a53d04f66266d238ac45.jpg", "format": "jpg", "width": 1600, "height": 1600}, "train_batch0": {"_type": "image-file", "sha256": "ecf90a92a5f112b19c31a3223cf149b8742a6f82bb8ff92468d9351417d0cd6f", "size": 194949, "path": "media/images/train_batch0_1_ecf90a92a5f112b19c31.jpg", "format": "jpg", "width": 1920, "height": 1920}, "train_batch1": {"_type": "image-file", "sha256": "a25ea8572edc248c7413738c66d471e91a52efd43d59d82f87a53aeb34adee65", "size": 82930, "path": "media/images/train_batch1_1_a25ea8572edc248c7413.jpg", "format": "jpg", "width": 1920, "height": 1920}, "train_batch2": {"_type": "image-file", "sha256": "9d080a4f6cfe05c4f081ed6b8f43adb443afa15b2e49fc7ded38373b98ab9609", "size": 166776, "path": "media/images/train_batch2_1_9d080a4f6cfe05c4f081.jpg", "format": "jpg", "width": 1920, "height": 1920}, "model/parameters": 69494019, "model/GFLOPs": 263.975, "model/speed_PyTorch(ms)": 37.682, "_runtime": 181.59287309646606, "_step": 4, "_wandb": {"runtime": 180}}