{"train/box_loss": 1.84421, "train/cls_loss": 1.75517, "train/dfl_loss": 1.92175, "_timestamp": 1720009957.624384, "lr/pg0": 0.0002912222, "lr/pg1": 0.0002912222, "lr/pg2": 0.0002912222, "metrics/precision(B)": 0.27775, "metrics/recall(B)": 0.2053, "metrics/mAP50(B)": 0.14218, "metrics/mAP50-95(B)": 0.06349, "val/box_loss": 2.03143, "val/cls_loss": 2.27446, "val/dfl_loss": 2.09375, "labels": {"_type": "image-file", "sha256": "a53d04f66266d238ac45ba89533e3a173d1f2b8103ed8668847193f514913328", "size": 174696, "path": "media/images/labels_1_a53d04f66266d238ac45.jpg", "format": "jpg", "width": 1600, "height": 1600}, "model/parameters": 69494019, "model/GFLOPs": 263.975, "model/speed_PyTorch(ms)": 30.854, "_runtime": 124.68969893455505, "_step": 34, "train_batch1": {"_type": "image-file", "sha256": "5f49261f769eff6e882908579505d53e3670122807e0ae8cf9e1dfc9f6385aad", "size": 197698, "path": "media/images/train_batch1_2_5f49261f769eff6e8829.jpg", "format": "jpg", "width": 1280, "height": 1280}, "train_batch0": {"_type": "image-file", "sha256": "1142980745f28ff4133a6b74772d01b966247404a1f862514cea7a1391cc869f", "size": 298324, "path": "media/images/train_batch0_2_1142980745f28ff4133a.jpg", "format": "jpg", "width": 1280, "height": 1280}, "train_batch2": {"_type": "image-file", "sha256": "1c4d7a9b4742844e775f77cc78c832a4c232b1efd35960e77ae82f282f4742bd", "size": 289310, "path": "media/images/train_batch2_3_1c4d7a9b4742844e775f.jpg", "format": "jpg", "width": 1280, "height": 1280}, "_wandb": {"runtime": 124}}