{"train/box_loss": 1.36662, "train/cls_loss": 1.78879, "train/dfl_loss": 2.60795, "_timestamp": 1720012651.4472008, "lr/pg0": 0.00043466, "lr/pg1": 0.00043466, "lr/pg2": 0.00043466, "metrics/precision(B)": 0.46045, "metrics/recall(B)": 0.21119, "metrics/mAP50(B)": 0.23591, "metrics/mAP50-95(B)": 0.14922, "val/box_loss": 1.29542, "val/cls_loss": 1.80609, "val/dfl_loss": 2.72237, "labels": {"_type": "image-file", "sha256": "a53d04f66266d238ac45ba89533e3a173d1f2b8103ed8668847193f514913328", "size": 174696, "path": "media/images/labels_1_a53d04f66266d238ac45.jpg", "format": "jpg", "width": 1600, "height": 1600}, "train_batch0": {"_type": "image-file", "sha256": "abb6f4936f14e75fe0ed8875dff7e232cec9f90775b4586cf2b0a57e34050729", "size": 161154, "path": "media/images/train_batch0_1_abb6f4936f14e75fe0ed.jpg", "format": "jpg", "width": 1024, "height": 1024}, "train_batch1": {"_type": "image-file", "sha256": "2a1f65fb976a4688f4ae5a3debb90847d9c7ffed0ee0e96d2a07bb831d903a02", "size": 69192, "path": "media/images/train_batch1_1_2a1f65fb976a4688f4ae.jpg", "format": "jpg", "width": 1024, "height": 1024}, "train_batch2": {"_type": "image-file", "sha256": "fd1efeb42a0cdda57d6e972f3d30f588fcb5ad0dbeb3452450c594af8146869a", "size": 66450, "path": "media/images/train_batch2_1_fd1efeb42a0cdda57d6e.jpg", "format": "jpg", "width": 1024, "height": 1024}, "model/parameters": 69494019, "model/GFLOPs": 263.975, "model/speed_PyTorch(ms)": 47.3, "_runtime": 320.4173288345337, "_step": 34, "_wandb": {"runtime": 320}}