{"train/box_loss": 2.157, "train/cls_loss": 4.7076, "train/dfl_loss": 3.21157, "_timestamp": 1720251648.696832, "lr/pg0": 0.0004977725, "lr/pg1": 0.0004977725, "lr/pg2": 0.0004977725, "metrics/precision(B)": 0.09494, "metrics/recall(B)": 0.11403, "metrics/mAP50(B)": 0.05609, "metrics/mAP50-95(B)": 0.04206, "val/box_loss": 1.94383, "val/cls_loss": 7.32385, "val/dfl_loss": 3.28645, "labels": {"_type": "image-file", "sha256": "a53d04f66266d238ac45ba89533e3a173d1f2b8103ed8668847193f514913328", "size": 174696, "path": "media/images/labels_1_a53d04f66266d238ac45.jpg", "format": "jpg", "width": 1600, "height": 1600}, "train_batch0": {"_type": "image-file", "sha256": "13a6c456182b56d8a3e8a5f55c8b50e6c38ed18f00dba751c8557cf80b4c9f3e", "size": 461626, "path": "media/images/train_batch0_1_13a6c456182b56d8a3e8.jpg", "format": "jpg", "width": 1920, "height": 1920}, "train_batch1": {"_type": "image-file", "sha256": "36380ee1916544d7d838f2f0621517540e214b27c0e6d600b1d530f9b11bbc74", "size": 206214, "path": "media/images/train_batch1_1_36380ee1916544d7d838.jpg", "format": "jpg", "width": 1920, "height": 1920}, "train_batch2": {"_type": "image-file", "sha256": "88b77352f4e562835d541743bc12df41bccda1604d93835c9436c45361eaee17", "size": 239120, "path": "media/images/train_batch2_1_88b77352f4e562835d54.jpg", "format": "jpg", "width": 1920, "height": 1920}, "model/parameters": 69494019, "model/GFLOPs": 263.975, "model/speed_PyTorch(ms)": 49.311, "_runtime": 271.4941248893738, "_step": 10, "_wandb": {"runtime": 271}}