{"train/box_loss": 1.72694, "train/cls_loss": 3.94837, "train/dfl_loss": 3.05155, "_timestamp": 1720214350.2643142, "lr/pg0": 0.0004977725, "lr/pg1": 0.0004977725, "lr/pg2": 0.0004977725, "metrics/precision(B)": 0.40465, "metrics/recall(B)": 0.01667, "metrics/mAP50(B)": 0.02185, "metrics/mAP50-95(B)": 0.0053, "val/box_loss": 1.70194, "val/cls_loss": 5.95212, "val/dfl_loss": 3.08768, "labels": {"_type": "image-file", "sha256": "a53d04f66266d238ac45ba89533e3a173d1f2b8103ed8668847193f514913328", "size": 174696, "path": "media/images/labels_1_a53d04f66266d238ac45.jpg", "format": "jpg", "width": 1600, "height": 1600}, "train_batch0": {"_type": "image-file", "sha256": "315b0e69e8820f65451d61e0ec04ba21cbd5da84e93c33915a8761bef92aae97", "size": 461734, "path": "media/images/train_batch0_1_315b0e69e8820f65451d.jpg", "format": "jpg", "width": 1920, "height": 1920}, "train_batch1": {"_type": "image-file", "sha256": "36380ee1916544d7d838f2f0621517540e214b27c0e6d600b1d530f9b11bbc74", "size": 206214, "path": "media/images/train_batch1_1_36380ee1916544d7d838.jpg", "format": "jpg", "width": 1920, "height": 1920}, "train_batch2": {"_type": "image-file", "sha256": "c46b4b478b11dba302e9bb04429d46d36557ec07598afcc9fcdefa1c789f9e7d", "size": 201911, "path": "media/images/train_batch2_1_c46b4b478b11dba302e9.jpg", "format": "jpg", "width": 1920, "height": 1920}, "model/parameters": 69494019, "model/GFLOPs": 263.975, "model/speed_PyTorch(ms)": 30.175, "_runtime": 216.6062252521515, "_step": 10, "_wandb": {"runtime": 217}}