{"train/box_loss": 1.18625, "train/cls_loss": 1.49769, "train/dfl_loss": 2.54146, "_timestamp": 1720013608.9841673, "lr/pg0": 0.00029854919999999996, "lr/pg1": 0.00029854919999999996, "lr/pg2": 0.00029854919999999996, "metrics/precision(B)": 0.66205, "metrics/recall(B)": 0.38438, "metrics/mAP50(B)": 0.36861, "metrics/mAP50-95(B)": 0.24888, "val/box_loss": 1.09277, "val/cls_loss": 1.47884, "val/dfl_loss": 2.41253, "labels": {"_type": "image-file", "sha256": "a53d04f66266d238ac45ba89533e3a173d1f2b8103ed8668847193f514913328", "size": 174696, "path": "media/images/labels_1_a53d04f66266d238ac45.jpg", "format": "jpg", "width": 1600, "height": 1600}, "model/parameters": 69494019, "model/GFLOPs": 263.975, "model/speed_PyTorch(ms)": 7.394, "_runtime": 295.4930534362793, "_step": 35, "train_batch1": {"_type": "image-file", "sha256": "c0cfbdbdd3455347536dcc51a71019f6eb86f69127242c1eb2a060b2bc3d91de", "size": 380176, "path": "media/images/train_batch1_3_c0cfbdbdd3455347536d.jpg", "format": "jpg", "width": 1920, "height": 1920}, "train_batch0": {"_type": "image-file", "sha256": "b5f2353c774709e070d3f8b989f7997c129eed9a21737857efb9937c24371e34", "size": 580859, "path": "media/images/train_batch0_3_b5f2353c774709e070d3.jpg", "format": "jpg", "width": 1920, "height": 1920}, "train_batch2": {"_type": "image-file", "sha256": "cb6bc347f3139952979846ad427262806b62e160d6c80054dfbd8b3402800af1", "size": 555891, "path": "media/images/train_batch2_4_cb6bc347f31399529798.jpg", "format": "jpg", "width": 1920, "height": 1920}, "_wandb": {"runtime": 294}}