{"dataset": "/workspace/datasets/synth/synth_v3_14", "_timestamp": 1719277673.3527167, "_runtime": 9.240113735198975, "_step": 0, "_wandb": {"runtime": 29}}