{"_wandb": {"runtime": 145}, "train/box_loss": 2.88374, "train/cls_loss": 4.77979, "train/dfl_loss": 3.0674, "_timestamp": 1720011116.9261048, "lr/pg0": 5e-06, "lr/pg1": 5e-06, "lr/pg2": 5e-06, "metrics/precision(B)": 0.00177, "metrics/recall(B)": 0.00083, "metrics/mAP50(B)": 0.0009, "metrics/mAP50-95(B)": 9e-05, "val/box_loss": 3.15587, "val/cls_loss": 4.75624, "val/dfl_loss": 3.1885, "labels": {"_type": "image-file", "sha256": "a53d04f66266d238ac45ba89533e3a173d1f2b8103ed8668847193f514913328", "size": 174696, "path": "media/images/labels_1_a53d04f66266d238ac45.jpg", "format": "jpg", "width": 1600, "height": 1600}, "model/parameters": 69494019, "model/GFLOPs": 263.975, "model/speed_PyTorch(ms)": 33.169, "_runtime": 144.92591071128845, "_step": 1}